model,displ,cyl,trans,drive,fuel,veh_class,air_pollution_score,city_mpg,hwy_mpg,cmb_mpg,greenhouse_gas_score,smartway
ACURA RDX,3.5,6,SemiAuto-6,2WD,Gasoline,small SUV,3.0,20,28,23,5,No
ACURA RDX,3.5,6,SemiAuto-6,4WD,Gasoline,small SUV,3.0,19,27,22,4,No
ACURA TLX,2.4,4,AMS-8,2WD,Gasoline,small car,3.0,23,33,27,6,No
ACURA TLX,3.5,6,SemiAuto-9,2WD,Gasoline,small car,3.0,20,32,24,5,No
ACURA TLX,3.5,6,SemiAuto-9,4WD,Gasoline,small car,3.0,21,30,24,5,No
ACURA TLX AWD A-SPEC,3.5,6,SemiAuto-9,4WD,Gasoline,small car,3.0,20,29,23,5,No
ACURA TLX FWD A-SPEC,3.5,6,SemiAuto-9,2WD,Gasoline,small car,3.0,20,30,23,5,No
ALFA ROMEO 4C,1.8,4,AutoMan-6,2WD,Gasoline,small car,1.0,24,34,28,6,No
ALFA ROMEO Giulia,2.9,6,Auto-8,2WD,Gasoline,midsize car,3.0,17,24,20,4,No
AUDI A3,2.0,4,AMS-6,4WD,Gasoline,small car,7.0,24,31,27,6,No
AUDI A3,2.0,4,AMS-7,2WD,Gasoline,small car,7.0,26,35,29,6,No
AUDI A3 Cabriolet,2.0,4,AMS-6,4WD,Gasoline,small car,7.0,22,30,25,5,No
AUDI A3 Cabriolet,2.0,4,AMS-7,2WD,Gasoline,small car,7.0,25,33,28,6,No
AUDI A4,2.0,4,AMS-7,4WD,Gasoline,small car,5.0,24,34,27,6,No
AUDI A4,2.0,4,Man-6,4WD,Gasoline,small car,3.0,24,33,27,6,No
AUDI A4 Ultra,2.0,4,AMS-7,2WD,Gasoline,small car,3.0,27,37,31,7,Yes
AUDI A5,2.0,4,AMS-7,4WD,Gasoline,small car,5.0,24,34,27,6,No
AUDI A5,2.0,4,Man-6,4WD,Gasoline,small car,3.0,24,33,27,6,No
AUDI A5 Cabriolet,2.0,4,AMS-7,4WD,Gasoline,small car,5.0,24,34,27,6,No
AUDI A5 Sportback quattro,2.0,4,AMS-7,4WD,Gasoline,midsize car,5.0,24,34,27,6,No
AUDI A6,2.0,4,AMS-7,2WD,Gasoline,midsize car,5.0,25,34,28,6,No
AUDI A6,2.0,4,SemiAuto-8,4WD,Gasoline,midsize car,5.0,22,31,26,5,No
AUDI A6,3.0,6,SemiAuto-8,4WD,Gasoline,midsize car,3.0,20,29,23,5,No
AUDI A7,3.0,6,SemiAuto-8,4WD,Gasoline,midsize car,3.0,20,29,23,5,No
AUDI A8 L,3.0,6,SemiAuto-8,4WD,Gasoline,large car,3.0,19,29,22,4,No
AUDI Q3,2.0,4,SemiAuto-6,2WD,Gasoline,small car,3.0,20,28,23,5,No
AUDI Q3,2.0,4,SemiAuto-6,4WD,Gasoline,small car,3.0,20,28,23,5,No
AUDI Q5,2.0,4,SemiAuto-7,4WD,Gasoline,small SUV,3.0,23,27,25,5,No
AUDI Q7,2.0,4,SemiAuto-8,4WD,Gasoline,standard SUV,3.0,19,25,21,4,No
AUDI Q7,3.0,6,SemiAuto-8,4WD,Gasoline,standard SUV,3.0,19,25,21,4,No
AUDI RS3,2.5,5,AMS-7,4WD,Gasoline,small car,3.0,19,28,22,4,No
AUDI S3,2.0,4,AMS-7,4WD,Gasoline,small car,3.0,22,28,25,5,No
AUDI S4,3.0,6,AMS-8,4WD,Gasoline,small car,5.0,21,30,24,5,No
AUDI S5,3.0,6,AMS-8,4WD,Gasoline,small car,5.0,21,30,24,5,No
AUDI S5 Cabriolet,3.0,6,AMS-8,4WD,Gasoline,small car,5.0,20,29,23,5,No
AUDI S5 Sportback,3.0,6,AMS-8,4WD,Gasoline,midsize car,5.0,21,30,24,5,No
AUDI SQ5,3.0,6,AMS-8,4WD,Gasoline,small SUV,5.0,19,24,21,4,No
AUDI TT Coupe,2.0,4,AMS-6,4WD,Gasoline,small car,7.0,23,30,26,5,No
AUDI TT RS,2.5,5,AMS-7,4WD,Gasoline,small car,3.0,19,29,22,4,No
AUDI TT Roadster,2.0,4,AMS-6,4WD,Gasoline,small car,7.0,23,30,26,5,No
AUDI TTS Coupe,2.0,4,AMS-6,4WD,Gasoline,small car,3.0,23,27,25,5,No
AUDI allroad quattro,2.0,4,AMS-7,4WD,Gasoline,station wagon,5.0,22,30,25,5,No
BENTLEY Bentayga,6.0,12,SemiAuto-8,4WD,Gasoline,standard SUV,3.0,12,19,15,2,No
BENTLEY Chiron,8.0,16,AMS-7,4WD,Gasoline,small car,1.0,9,14,11,1,No
BMW 230i Convertible,2.0,4,SemiAuto-8,2WD,Gasoline,small car,7.0,24,34,27,6,No
BMW 230i Coupe,2.0,4,Man-6,2WD,Gasoline,small car,7.0,21,32,25,5,No
BMW 230i Coupe,2.0,4,SemiAuto-8,2WD,Gasoline,small car,7.0,24,35,28,6,No
BMW 230i xDrive Convertible,2.0,4,SemiAuto-8,4WD,Gasoline,small car,7.0,23,33,27,6,No
BMW 230i xDrive Coupe,2.0,4,SemiAuto-8,4WD,Gasoline,small car,7.0,24,33,27,6,No
BMW 320i,2.0,4,Man-6,2WD,Gasoline,small car,3.0,23,35,27,6,No
BMW 320i,2.0,4,SemiAuto-8,2WD,Gasoline,small car,3.0,24,35,28,6,No
BMW 320i,2.0,4,SemiAuto-8,4WD,Gasoline,small car,3.0,23,34,27,6,No
BMW 330i,2.0,4,Man-6,2WD,Gasoline,small car,7.0,21,32,25,5,No
BMW 330i,2.0,4,SemiAuto-8,2WD,Gasoline,small car,7.0,24,34,27,6,No
BMW 330i,2.0,4,SemiAuto-8,4WD,Gasoline,small car,7.0,23,33,27,6,No
BMW 330i Gran Turismo,2.0,4,SemiAuto-8,4WD,Gasoline,large car,7.0,23,33,27,6,No
BMW 330i Sports Wagon,2.0,4,SemiAuto-8,4WD,Gasoline,station wagon,7.0,23,33,27,6,No
BMW 340i,3.0,6,Man-6,2WD,Gasoline,small car,3.0,19,29,23,5,No
BMW 340i,3.0,6,Man-6,4WD,Gasoline,small car,3.0,19,29,23,5,No
BMW 340i,3.0,6,SemiAuto-8,2WD,Gasoline,small car,3.0,21,32,25,5,No
BMW 340i,3.0,6,SemiAuto-8,4WD,Gasoline,small car,3.0,21,31,25,5,No
BMW 340i Gran Turismo,3.0,6,SemiAuto-8,4WD,Gasoline,large car,3.0,20,29,23,5,No
BMW 430i Convertible,2.0,4,SemiAuto-8,2WD,Gasoline,small car,7.0,24,34,27,6,No
BMW 430i Convertible,2.0,4,SemiAuto-8,4WD,Gasoline,small car,7.0,22,32,26,5,No
BMW 430i Coupe,2.0,4,Man-6,2WD,Gasoline,small car,7.0,21,33,25,5,No
BMW 430i Coupe,2.0,4,SemiAuto-8,2WD,Gasoline,small car,7.0,24,34,27,6,No
BMW 430i Coupe,2.0,4,SemiAuto-8,4WD,Gasoline,small car,7.0,23,33,27,6,No
BMW 430i Gran Coupe,2.0,4,SemiAuto-8,2WD,Gasoline,small car,7.0,24,34,27,6,No
BMW 430i Gran Coupe,2.0,4,SemiAuto-8,4WD,Gasoline,small car,7.0,23,33,27,6,No
BMW 440i Convertible,3.0,6,SemiAuto-8,2WD,Gasoline,small car,3.0,21,29,24,5,No
BMW 440i Convertible,3.0,6,SemiAuto-8,4WD,Gasoline,small car,3.0,20,29,23,5,No
BMW 440i Coupe,3.0,6,Man-6,2WD,Gasoline,small car,3.0,19,29,23,5,No
BMW 440i Coupe,3.0,6,Man-6,4WD,Gasoline,small car,3.0,19,29,23,5,No
BMW 440i Coupe,3.0,6,SemiAuto-8,2WD,Gasoline,small car,3.0,21,32,25,5,No
BMW 440i Coupe,3.0,6,SemiAuto-8,4WD,Gasoline,small car,3.0,21,31,25,5,No
BMW 440i Gran Coupe,3.0,6,SemiAuto-8,2WD,Gasoline,small car,3.0,21,32,25,5,No
BMW 440i Gran Coupe,3.0,6,SemiAuto-8,4WD,Gasoline,small car,3.0,21,31,25,5,No
BMW 530i,2.0,4,SemiAuto-8,2WD,Gasoline,midsize car,7.0,24,34,27,6,No
BMW 530i,2.0,4,SemiAuto-8,4WD,Gasoline,midsize car,7.0,23,33,27,6,No
BMW 540i,3.0,6,SemiAuto-8,2WD,Gasoline,midsize car,5.0,21,30,24,5,No
BMW 540i,3.0,6,SemiAuto-8,4WD,Gasoline,midsize car,5.0,20,29,23,5,No
BMW 640i Convertible,3.0,6,SemiAuto-8,2WD,Gasoline,small car,3.0,20,29,23,5,No
BMW 640i Convertible,3.0,6,SemiAuto-8,4WD,Gasoline,small car,3.0,19,28,22,4,No
BMW 640i Gran Coupe,3.0,6,SemiAuto-8,2WD,Gasoline,small car,3.0,20,29,23,5,No
BMW 640i Gran Coupe,3.0,6,SemiAuto-8,4WD,Gasoline,small car,3.0,19,28,22,4,No
BMW 650i Convertible,4.4,8,SemiAuto-8,2WD,Gasoline,small car,3.0,17,25,20,4,No
BMW 650i Convertible,4.4,8,SemiAuto-8,4WD,Gasoline,small car,3.0,16,25,19,3,No
BMW 650i Gran Coupe,4.4,8,SemiAuto-8,2WD,Gasoline,small car,3.0,17,25,20,4,No
BMW 650i Gran Coupe,4.4,8,SemiAuto-8,4WD,Gasoline,small car,3.0,16,25,19,3,No
BMW 740i,3.0,6,SemiAuto-8,2WD,Gasoline,large car,3.0,21,29,24,5,No
BMW 740i,3.0,6,SemiAuto-8,4WD,Gasoline,large car,3.0,20,29,23,5,No
BMW 750i,4.4,8,SemiAuto-8,2WD,Gasoline,large car,3.0,17,25,20,4,No
BMW 750i,4.4,8,SemiAuto-8,4WD,Gasoline,large car,3.0,16,25,19,3,No
BMW Alpina B6 Gran Coupe,4.4,8,SemiAuto-8,4WD,Gasoline,small car,3.0,16,25,19,3,No
BMW Alpina B7,4.4,8,SemiAuto-8,4WD,Gasoline,large car,3.0,16,25,19,3,No
BMW M2,3.0,6,AMS-7,2WD,Gasoline,small car,3.0,20,26,22,4,No
BMW M2,3.0,6,Man-6,2WD,Gasoline,small car,3.0,18,26,21,4,No
BMW M240i Convertible,3.0,6,Man-6,2WD,Gasoline,small car,3.0,18,27,22,4,No
BMW M240i Convertible,3.0,6,SemiAuto-8,2WD,Gasoline,small car,3.0,21,30,24,5,No
BMW M240i Convertible,3.0,6,SemiAuto-8,4WD,Gasoline,small car,3.0,21,30,24,5,No
BMW M240i Coupe,3.0,6,Man-6,2WD,Gasoline,small car,3.0,19,28,22,4,No
BMW M240i Coupe,3.0,6,SemiAuto-8,2WD,Gasoline,small car,3.0,21,30,24,5,No
BMW M240i Coupe,3.0,6,SemiAuto-8,4WD,Gasoline,small car,3.0,21,30,24,5,No
BMW M3,3.0,6,AMS-7,2WD,Gasoline,small car,3.0,17,24,20,4,No
BMW M3,3.0,6,Man-6,2WD,Gasoline,small car,3.0,17,25,20,4,No
BMW M4 Convertible,3.0,6,AMS-7,2WD,Gasoline,small car,3.0,16,22,19,3,No
BMW M4 Convertible,3.0,6,Man-6,2WD,Gasoline,small car,3.0,17,25,20,4,No
BMW M4 Coupe,3.0,6,AMS-7,2WD,Gasoline,small car,3.0,17,24,20,4,No
BMW M4 Coupe,3.0,6,Man-6,2WD,Gasoline,small car,3.0,17,25,20,4,No
BMW M4 DTM Champions Edition,3.0,6,AMS-7,2WD,Gasoline,small car,3.0,17,24,20,4,No
BMW M550i,4.4,8,SemiAuto-8,4WD,Gasoline,midsize car,3.0,16,25,19,3,No
BMW M6 Convertible,4.4,8,AMS-7,2WD,Gasoline,small car,1.0,14,20,16,2,No
BMW M6 Convertible,4.4,8,Man-6,2WD,Gasoline,small car,1.0,15,22,17,3,No
BMW M6 Gran Coupe,4.4,8,AMS-7,2WD,Gasoline,small car,1.0,14,20,16,2,No
BMW M6 Gran Coupe,4.4,8,Man-6,2WD,Gasoline,small car,1.0,15,22,17,3,No
BMW M760i xDrive,6.6,12,SemiAuto-8,4WD,Gasoline,large car,3.0,13,20,16,2,No
BMW X1 sDrive28i,2.0,4,SemiAuto-8,2WD,Gasoline,large car,7.0,23,32,26,5,No
BMW X1 xDrive28i,2.0,4,SemiAuto-8,4WD,Gasoline,large car,7.0,22,31,25,5,No
BMW X4 M40i,3.0,6,SemiAuto-8,4WD,Gasoline,small SUV,3.0,18,25,21,4,No
BMW X4 xDrive28i,2.0,4,SemiAuto-8,4WD,Gasoline,small SUV,3.0,20,28,23,5,No
BUICK Encore,1.4,4,SemiAuto-6,2WD,Gasoline,small SUV,3.0,27,33,30,7,Yes
BUICK Encore,1.4,4,SemiAuto-6,4WD,Gasoline,small SUV,3.0,26,31,28,6,No
BUICK Encore,1.4,4,SemiAuto-6,4WD,Gasoline,small SUV,3.0,24,30,27,6,No
BUICK Lacrosse,2.5,4,Auto-6,2WD,Gasoline,midsize car,5.0,25,35,29,6,No
BUICK Lacrosse,3.6,6,SemiAuto-9,2WD,Gasoline,midsize car,5.0,21,30,24,5,No
BUICK Lacrosse,3.6,6,SemiAuto-9,4WD,Gasoline,midsize car,5.0,20,29,23,5,No
CADILLAC ATS,2.0,4,Man-6,2WD,Gasoline,small car,5.0,20,29,23,5,No
CADILLAC ATS,2.0,4,SemiAuto-8,2WD,Gasoline,small car,5.0,22,31,25,5,No
CADILLAC ATS,2.0,4,SemiAuto-8,4WD,Gasoline,small car,5.0,22,30,25,5,No
CADILLAC ATS,3.6,6,SemiAuto-8,2WD,Gasoline,small car,5.0,20,30,24,5,No
CADILLAC ATS,3.6,6,SemiAuto-8,4WD,Gasoline,small car,5.0,19,27,22,4,No
CADILLAC ATS-V,3.6,6,Man-6,2WD,Gasoline,small car,3.0,16,23,19,3,No
CADILLAC ATS-V,3.6,6,SemiAuto-8,2WD,Gasoline,small car,3.0,17,25,20,4,No
CADILLAC CT6,2.0,4,SemiAuto-8,2WD,Gasoline,large car,5.0,22,30,25,5,No
CADILLAC CT6,3.0,6,SemiAuto-8,4WD,Gasoline,large car,3.0,18,26,21,4,No
CADILLAC CT6,3.6,6,SemiAuto-8,4WD,Gasoline,large car,5.0,18,27,21,4,No
CADILLAC CTS,2.0,4,SemiAuto-8,2WD,Gasoline,midsize car,5.0,22,30,25,5,No
CADILLAC CTS,2.0,4,SemiAuto-8,4WD,Gasoline,midsize car,5.0,21,29,24,5,No
CADILLAC CTS,3.6,6,SemiAuto-8,2WD,Gasoline,midsize car,3.0,16,24,19,3,No
CADILLAC CTS,3.6,6,SemiAuto-8,2WD,Gasoline,midsize car,5.0,20,30,24,5,No
CADILLAC CTS,3.6,6,SemiAuto-8,4WD,Gasoline,midsize car,5.0,19,27,22,4,No
CADILLAC CTS-V,6.2,8,SemiAuto-8,2WD,Gasoline,midsize car,1.0,14,21,17,3,No
CADILLAC Escalade,6.2,8,Auto-10,2WD,Gasoline,standard SUV,3.0,14,23,17,3,No
CADILLAC Escalade,6.2,8,Auto-10,4WD,Gasoline,standard SUV,3.0,14,21,17,3,No
CADILLAC XT5,3.6,6,SemiAuto-8,2WD,Gasoline,small SUV,5.0,19,26,22,4,No
CADILLAC XT5,3.6,6,SemiAuto-8,4WD,Gasoline,small SUV,5.0,18,25,21,4,No
CHEVROLET Camaro,2.0,4,Man-6,2WD,Gasoline,small car,5.0,20,30,23,5,No
CHEVROLET Camaro,2.0,4,SemiAuto-8,2WD,Gasoline,small car,5.0,22,31,25,5,No
CHEVROLET Camaro,3.6,6,Man-6,2WD,Gasoline,small car,5.0,16,28,20,4,No
CHEVROLET Camaro,3.6,6,SemiAuto-8,2WD,Gasoline,small car,5.0,19,29,23,5,No
CHEVROLET Camaro,6.2,8,Man-6,2WD,Gasoline,small car,1.0,14,20,16,2,No
CHEVROLET Camaro,6.2,8,Man-6,2WD,Gasoline,small car,1.0,16,25,19,3,No
CHEVROLET Camaro,6.2,8,SemiAuto-10,2WD,Gasoline,small car,1.0,13,21,15,2,No
CHEVROLET Camaro,6.2,8,SemiAuto-8,2WD,Gasoline,small car,1.0,17,27,20,4,No
CHEVROLET Colorado,2.5,4,Auto-6,2WD,Gasoline,pickup,5.0,20,26,22,4,No
CHEVROLET Colorado,2.5,4,Auto-6,4WD,Gasoline,pickup,5.0,19,24,21,4,No
CHEVROLET Colorado,2.5,4,Man-6,2WD,Gasoline,pickup,5.0,20,26,22,4,No
CHEVROLET Colorado,2.8,4,Auto-6,2WD,Diesel,pickup,3.0,22,30,25,4,No
CHEVROLET Colorado,2.8,4,Auto-6,4WD,Diesel,pickup,3.0,20,28,23,4,No
CHEVROLET Colorado,3.6,6,Auto-8,2WD,Gasoline,pickup,5.0,18,25,20,4,No
CHEVROLET Colorado,3.6,6,Auto-8,2WD,Gasoline,special purpose,5.0,15,15,15,2,No
CHEVROLET Colorado,3.6,6,Auto-8,4WD,Gasoline,pickup,5.0,17,24,19,3,No
CHEVROLET Colorado ZR2,2.8,4,Auto-6,4WD,Diesel,pickup,3.0,19,22,20,3,No
CHEVROLET Colorado ZR2,3.6,6,Auto-8,4WD,Gasoline,pickup,5.0,16,18,17,3,No
CHEVROLET Corvette,6.2,8,Man-7,2WD,Gasoline,small car,1.0,15,22,18,3,No
CHEVROLET Corvette,6.2,8,Man-7,2WD,Gasoline,small car,1.0,16,25,19,3,No
CHEVROLET Corvette,6.2,8,SemiAuto-8,2WD,Gasoline,small car,1.0,13,23,16,2,No
CHEVROLET Corvette,6.2,8,SemiAuto-8,2WD,Gasoline,small car,1.0,15,25,18,3,No
CHEVROLET Cruze,1.4,4,Man-6,2WD,Gasoline,small car,6.0,27,40,32,7,Yes
CHEVROLET Cruze,1.4,4,SemiAuto-6,2WD,Gasoline,small car,6.0,29,40,33,8,Yes
CHEVROLET Cruze,1.6,4,Auto-9,2WD,Diesel,small car,3.0,31,47,37,7,Yes
CHEVROLET Cruze,1.6,4,Man-6,2WD,Diesel,small car,3.0,30,52,37,7,Yes
CHEVROLET Cruze Hatchback,1.4,4,Man-6,2WD,Gasoline,midsize car,6.0,27,38,31,7,Yes
CHEVROLET Cruze Hatchback,1.4,4,SemiAuto-6,2WD,Gasoline,midsize car,6.0,29,38,32,7,Yes
CHEVROLET Cruze Hatchback,1.6,4,Auto-9,2WD,Diesel,midsize car,3.0,30,45,35,7,Yes
CHEVROLET Cruze Hatchback,1.6,4,Man-6,2WD,Diesel,midsize car,3.0,29,48,35,7,Yes
CHEVROLET Cruze Premier,1.4,4,SemiAuto-6,2WD,Gasoline,small car,6.0,29,39,33,8,Yes
CHEVROLET Cruze Premier Hatchback,1.4,4,SemiAuto-6,2WD,Gasoline,midsize car,6.0,28,37,31,7,Yes
CHEVROLET Equinox,1.5,4,Auto-6,2WD,Gasoline,small SUV,5.0,26,32,28,6,No
CHEVROLET Equinox,1.5,4,Auto-6,4WD,Gasoline,small SUV,5.0,24,30,26,5,No
CHEVROLET Equinox,1.6,4,Auto-6,2WD,Diesel,small SUV,3.0,28,39,32,6,No
CHEVROLET Equinox,1.6,4,Auto-6,4WD,Diesel,small SUV,3.0,28,38,32,6,No
CHEVROLET Equinox,2.0,4,Auto-9,2WD,Gasoline,small SUV,5.0,22,29,25,5,No
CHEVROLET Equinox,2.0,4,Auto-9,4WD,Gasoline,small SUV,5.0,22,28,24,5,No
CHEVROLET Impala,2.5,4,SemiAuto-6,2WD,Gasoline,large car,3.0,22,30,25,5,No
CHEVROLET Impala,3.6,6,SemiAuto-6,2WD,Gasoline,large car,7.0,19,28,22,4,No
CHEVROLET Malibu,1.5,4,Auto-6,2WD,Gasoline,midsize car,6.0,27,36,30,7,Yes
CHEVROLET Malibu,1.5,4,Auto-6,2WD,Gasoline,midsize car,7.0,27,36,30,7,Yes
CHEVROLET Malibu,1.8,4,CVT,2WD,Gasoline,midsize car,3.0,49,43,46,10,Yes
CHEVROLET Malibu,2.0,4,Auto-9,2WD,Gasoline,midsize car,5.0,22,32,26,5,No
CHEVROLET Silverado 15,5.3,8,Auto-6,2WD,Gasoline,pickup,3.0,16,23,19,3,No
CHEVROLET Silverado 15,5.3,8,Auto-6,2WD,Gasoline,special purpose,3.0,15,20,17,3,No
CHEVROLET Silverado 15,5.3,8,Auto-6,4WD,Gasoline,pickup,3.0,16,22,18,3,No
CHEVROLET Silverado 15,5.3,8,Auto-6,4WD,Gasoline,special purpose,3.0,15,19,17,3,No
CHEVROLET Silverado 15,5.3,8,Auto-8,2WD,Gasoline,pickup,3.0,18,24,20,4,No
CHEVROLET Silverado 15,5.3,8,Auto-8,2WD,Gasoline,pickup,3.0,16,22,18,3,No
CHEVROLET Silverado 15,5.3,8,Auto-8,4WD,Gasoline,pickup,3.0,16,21,18,3,No
CHEVROLET Silverado 15,5.3,8,Auto-8,4WD,Gasoline,pickup,3.0,15,20,17,3,No
CHEVROLET Silverado 15,6.2,8,Auto-8,2WD,Gasoline,pickup,3.0,15,21,17,3,No
CHEVROLET Silverado 15,6.2,8,Auto-8,4WD,Gasoline,pickup,3.0,15,20,17,3,No
CHEVROLET Sonic,1.4,4,Man-6,2WD,Gasoline,small car,3.0,28,37,32,7,Yes
CHEVROLET Sonic,1.4,4,SemiAuto-6,2WD,Gasoline,small car,3.0,27,35,30,7,Yes
CHEVROLET Sonic 5,1.4,4,Man-6,2WD,Gasoline,station wagon,3.0,28,37,32,7,Yes
CHEVROLET Sonic 5,1.4,4,SemiAuto-6,2WD,Gasoline,station wagon,3.0,27,35,30,7,Yes
CHEVROLET Suburban 1500,5.3,8,Auto-6,2WD,Gasoline,standard SUV,3.0,16,23,19,3,No
CHEVROLET Suburban 1500,5.3,8,Auto-6,4WD,Gasoline,standard SUV,3.0,15,22,18,3,No
CHEVROLET Tahoe 1500,5.3,8,Auto-6,2WD,Gasoline,standard SUV,3.0,16,23,19,3,No
CHEVROLET Tahoe 1500,5.3,8,Auto-6,4WD,Gasoline,standard SUV,3.0,16,22,18,3,No
CHEVROLET Tahoe 1500,6.2,8,Auto-10,2WD,Gasoline,standard SUV,3.0,14,23,17,3,No
CHEVROLET Tahoe 1500,6.2,8,Auto-10,4WD,Gasoline,standard SUV,3.0,14,22,17,3,No
CHEVROLET Traverse,3.6,6,SemiAuto-9,2WD,Gasoline,standard SUV,5.0,18,27,21,4,No
CHEVROLET Traverse,3.6,6,SemiAuto-9,4WD,Gasoline,standard SUV,5.0,17,25,20,4,No
CHEVROLET Trax,1.4,4,SemiAuto-6,4WD,Gasoline,small SUV,3.0,24,30,27,6,No
CHRYSLER 300,3.6,6,Auto-8,2WD,Gasoline,large car,3.0,19,30,23,5,No
CHRYSLER 300,3.6,6,Auto-8,4WD,Gasoline,large car,3.0,18,27,21,4,No
CHRYSLER 300,5.7,8,Auto-8,2WD,Gasoline,large car,3.0,16,25,19,3,No
CHRYSLER Pacifica,3.6,6,Auto-9,2WD,Gasoline,minivan,3.0,18,28,22,4,No
CHRYSLER Pacifica,3.6,6,Auto-9,2WD,Gasoline,minivan,3.0,19,28,22,4,No
DODGE Challenger,3.6,6,Auto-8,2WD,Gasoline,midsize car,3.0,19,30,23,5,No
DODGE Challenger,5.7,8,Auto-8,2WD,Gasoline,midsize car,3.0,16,25,19,3,No
DODGE Challenger,5.7,8,Man-6,2WD,Gasoline,midsize car,1.0,15,23,18,3,No
DODGE Challenger,6.4,8,Auto-8,2WD,Gasoline,midsize car,1.0,15,25,18,3,No
DODGE Challenger,6.4,8,Man-6,2WD,Gasoline,midsize car,1.0,14,23,17,3,No
DODGE Challenger GT,3.6,6,Auto-8,4WD,Gasoline,midsize car,3.0,18,27,21,4,No
DODGE Challenger SRT,6.2,8,Auto-8,2WD,Gasoline,midsize car,1.0,13,22,16,2,No
DODGE Challenger SRT,6.2,8,Man-6,2WD,Gasoline,midsize car,1.0,13,21,16,2,No
DODGE Challenger SRT,6.4,8,Auto-8,2WD,Gasoline,midsize car,1.0,15,25,18,3,No
DODGE Challenger SRT,6.4,8,Man-6,2WD,Gasoline,midsize car,1.0,14,23,17,3,No
DODGE Charger,3.6,6,Auto-8,2WD,Gasoline,large car,3.0,19,30,23,5,No
DODGE Charger,3.6,6,Auto-8,4WD,Gasoline,large car,3.0,18,27,21,4,No
DODGE Charger,5.7,8,Auto-8,2WD,Gasoline,large car,3.0,16,25,19,3,No
DODGE Charger,6.4,8,Auto-8,2WD,Gasoline,large car,1.0,15,25,18,3,No
DODGE Charger SRT,6.2,8,Auto-8,2WD,Gasoline,large car,1.0,13,22,16,2,No
DODGE Charger SRT,6.4,8,Auto-8,2WD,Gasoline,large car,1.0,15,25,18,3,No
DODGE Durango,3.6,6,Auto-8,2WD,Gasoline,standard SUV,5.0,19,26,21,4,No
DODGE Durango,3.6,6,Auto-8,4WD,Gasoline,standard SUV,5.0,18,25,21,4,No
DODGE Durango,5.7,8,Auto-8,2WD,Gasoline,standard SUV,3.0,14,22,17,3,No
DODGE Durango,5.7,8,Auto-8,4WD,Gasoline,standard SUV,3.0,14,22,17,3,No
DODGE Durango  SRT,6.4,8,Auto-8,4WD,Gasoline,standard SUV,1.0,13,19,15,2,No
DODGE Journey,2.4,4,Auto-4,2WD,Gasoline,small SUV,3.0,19,25,21,4,No
DODGE Journey,3.6,6,Auto-6,4WD,Gasoline,small SUV,3.0,16,24,19,3,No
FERRARI 488 Spider,3.9,8,AutoMan-7,2WD,Gasoline,small car,3.0,15,22,18,3,No
FERRARI 488 Spider,3.9,8,AutoMan-7,2WD,Gasoline,small car,3.0,16,22,18,3,No
FERRARI 488 gtb,3.9,8,AutoMan-7,2WD,Gasoline,small car,3.0,15,22,18,3,No
FERRARI 488 gtb,3.9,8,AutoMan-7,2WD,Gasoline,small car,3.0,16,22,18,3,No
FERRARI 812 Superfast,6.5,12,AutoMan-7,2WD,Gasoline,small car,3.0,12,16,13,1,No
FERRARI California T,3.9,8,AutoMan-7,2WD,Gasoline,small car,3.0,16,23,18,3,No
FERRARI California T,3.9,8,AutoMan-7,2WD,Gasoline,small car,3.0,16,23,19,3,No
FERRARI GTC4Lusso,6.3,12,AutoMan-7,4WD,Gasoline,small car,3.0,12,17,13,1,No
FERRARI GTC4Lusso T,3.9,8,AutoMan-7,2WD,Gasoline,small car,3.0,15,21,17,3,No
FIAT 500L,1.4,4,Auto-6,2WD,Gasoline,station wagon,3.0,22,30,25,5,No
FORD F150,2.7,6,SemiAuto-10,2WD,Gasoline,pickup,5.0,19,25,21,4,No
FORD F150,2.7,6,SemiAuto-10,2WD,Gasoline,pickup,5.0,20,25,22,4,No
FORD F150,2.7,6,SemiAuto-10,2WD,Gasoline,pickup,5.0,20,26,22,4,No
FORD F150,2.7,6,SemiAuto-10,4WD,Gasoline,pickup,5.0,18,23,20,4,No
FORD F150,2.7,6,SemiAuto-10,4WD,Gasoline,pickup,5.0,18,24,21,4,No
FORD F150,2.7,6,SemiAuto-10,4WD,Gasoline,pickup,5.0,19,24,21,4,No
FORD F150,3.3,6,SemiAuto-6,2WD,Gasoline,pickup,5.0,19,24,21,4,No
FORD F150,3.3,6,SemiAuto-6,2WD,Gasoline,pickup,5.0,19,25,22,4,No
FORD F150,3.3,6,SemiAuto-6,4WD,Gasoline,pickup,5.0,17,22,19,3,No
FORD F150,3.3,6,SemiAuto-6,4WD,Gasoline,pickup,5.0,18,23,20,4,No
FORD F150,3.5,6,SemiAuto-10,2WD,Gasoline,pickup,5.0,17,21,19,3,No
FORD F150,3.5,6,SemiAuto-10,2WD,Gasoline,pickup,5.0,17,22,19,3,No
FORD F150,3.5,6,SemiAuto-10,2WD,Gasoline,pickup,5.0,18,25,21,4,No
FORD F150,3.5,6,SemiAuto-10,4WD,Gasoline,pickup,5.0,16,21,18,3,No
FORD F150,3.5,6,SemiAuto-10,4WD,Gasoline,pickup,5.0,16,22,19,3,No
FORD F150,3.5,6,SemiAuto-10,4WD,Gasoline,pickup,5.0,17,23,19,3,No
FORD F150,5.0,8,SemiAuto-10,2WD,Gasoline,pickup,3.0,16,20,17,3,No
FORD F150,5.0,8,SemiAuto-10,2WD,Gasoline,pickup,3.0,16,21,18,3,No
FORD F150,5.0,8,SemiAuto-10,2WD,Gasoline,pickup,3.0,17,23,19,3,No
FORD F150,5.0,8,SemiAuto-10,4WD,Gasoline,pickup,3.0,15,19,17,3,No
FORD F150,5.0,8,SemiAuto-10,4WD,Gasoline,pickup,3.0,16,20,17,3,No
FORD F150,5.0,8,SemiAuto-10,4WD,Gasoline,pickup,3.0,16,22,18,3,No
FORD F150 Raptor,3.5,6,SemiAuto-10,4WD,Gasoline,pickup,3.0,15,18,16,2,No
FORD Flex,3.5,6,SemiAuto-6,2WD,Gasoline,standard SUV,3.0,16,23,19,3,No
FORD Flex,3.5,6,SemiAuto-6,4WD,Gasoline,standard SUV,3.0,15,21,17,3,No
FORD Flex,3.5,6,SemiAuto-6,4WD,Gasoline,standard SUV,3.0,16,22,18,3,No
FORD Fusion,1.5,4,SemiAuto-6,2WD,Gasoline,midsize car,7.0,23,34,27,6,No
FORD Fusion,2.0,4,SemiAuto-6,2WD,Gasoline,midsize car,5.0,21,31,25,5,No
FORD Fusion,2.0,4,SemiAuto-6,4WD,Gasoline,midsize car,5.0,20,29,23,5,No
FORD Fusion,2.5,4,Auto-6,2WD,Gasoline,midsize car,5.0,21,32,25,5,No
FORD Fusion,2.7,6,SemiAuto-6,4WD,Gasoline,midsize car,5.0,17,26,20,4,No
FORD Fusion Hybrid,2.0,4,CVT,2WD,Gasoline,midsize car,7.0,43,41,42,9,Yes
FORD Transit Connect,2.5,4,SemiAuto-6,2WD,Gasoline,special purpose,3.0,19,27,22,4,No
FORD Transit Connect,2.5,4,SemiAuto-6,2WD,Gasoline,special purpose,3.0,20,27,23,5,No
GENESIS G80,3.3,6,SemiAuto-8,2WD,Gasoline,large car,3.0,17,25,20,4,No
GENESIS G80,3.3,6,SemiAuto-8,4WD,Gasoline,large car,3.0,17,24,20,4,No
GENESIS G80,3.8,6,SemiAuto-8,2WD,Gasoline,large car,5.0,19,27,22,4,No
GENESIS G80,3.8,6,SemiAuto-8,4WD,Gasoline,large car,5.0,18,25,20,4,No
GENESIS G80,5.0,8,SemiAuto-8,2WD,Gasoline,large car,5.0,16,24,19,3,No
GENESIS G80,5.0,8,SemiAuto-8,4WD,Gasoline,large car,5.0,15,23,18,3,No
GENESIS G90,3.3,6,SemiAuto-8,2WD,Gasoline,large car,3.0,17,24,20,4,No
GENESIS G90,3.3,6,SemiAuto-8,4WD,Gasoline,large car,3.0,17,24,20,4,No
GENESIS G90,5.0,8,SemiAuto-8,2WD,Gasoline,large car,5.0,16,24,19,3,No
GENESIS G90,5.0,8,SemiAuto-8,4WD,Gasoline,large car,5.0,15,23,18,3,No
GMC Acadia,2.5,4,Auto-6,2WD,Gasoline,standard SUV,3.0,21,26,23,5,No
GMC Acadia,2.5,4,Auto-6,4WD,Gasoline,standard SUV,3.0,21,25,23,5,No
GMC Acadia,3.6,6,Auto-6,2WD,Gasoline,standard SUV,5.0,18,25,21,4,No
GMC Acadia,3.6,6,Auto-6,4WD,Gasoline,standard SUV,5.0,17,25,20,4,No
GMC Canyon,2.5,4,Auto-6,2WD,Gasoline,pickup,5.0,20,26,22,4,No
GMC Canyon,2.5,4,Auto-6,4WD,Gasoline,pickup,5.0,19,24,21,4,No
GMC Canyon,2.5,4,Man-6,2WD,Gasoline,pickup,5.0,20,26,22,4,No
GMC Canyon,2.8,4,Auto-6,2WD,Diesel,pickup,3.0,22,30,25,4,No
GMC Canyon,2.8,4,Auto-6,4WD,Diesel,pickup,3.0,20,28,23,4,No
GMC Canyon,3.6,6,Auto-8,2WD,Gasoline,pickup,5.0,18,25,20,4,No
GMC Canyon,3.6,6,Auto-8,2WD,Gasoline,special purpose,5.0,15,15,15,2,No
GMC Canyon,3.6,6,Auto-8,4WD,Gasoline,pickup,5.0,17,24,19,3,No
GMC Sierra 15,5.3,8,Auto-6,2WD,Gasoline,pickup,3.0,16,23,19,3,No
GMC Sierra 15,5.3,8,Auto-6,2WD,Gasoline,special purpose,3.0,15,20,17,3,No
GMC Sierra 15,5.3,8,Auto-6,4WD,Gasoline,pickup,3.0,16,22,18,3,No
GMC Sierra 15,5.3,8,Auto-6,4WD,Gasoline,special purpose,3.0,15,19,17,3,No
GMC Sierra 15,5.3,8,Auto-8,2WD,Gasoline,pickup,3.0,18,24,20,4,No
GMC Sierra 15,5.3,8,Auto-8,2WD,Gasoline,pickup,3.0,16,22,18,3,No
GMC Sierra 15,5.3,8,Auto-8,4WD,Gasoline,pickup,3.0,16,21,18,3,No
GMC Sierra 15,5.3,8,Auto-8,4WD,Gasoline,pickup,3.0,15,20,17,3,No
GMC Sierra 15,6.2,8,Auto-8,2WD,Gasoline,pickup,3.0,15,21,17,3,No
GMC Sierra 15,6.2,8,Auto-8,4WD,Gasoline,pickup,3.0,15,20,17,3,No
GMC Terrain,1.5,4,Auto-9,2WD,Gasoline,small SUV,5.0,26,30,28,6,No
GMC Terrain,1.5,4,Auto-9,4WD,Gasoline,small SUV,5.0,24,28,26,5,No
GMC Terrain,1.6,4,Auto-6,2WD,Diesel,small SUV,3.0,28,39,32,6,No
GMC Terrain,1.6,4,Auto-6,4WD,Diesel,small SUV,3.0,28,38,32,6,No
GMC Terrain,2.0,4,Auto-9,2WD,Gasoline,small SUV,5.0,22,28,24,5,No
GMC Terrain,2.0,4,Auto-9,4WD,Gasoline,small SUV,5.0,21,26,23,5,No
GMC Yukon 1500,5.3,8,Auto-6,2WD,Gasoline,standard SUV,3.0,16,23,19,3,No
GMC Yukon 1500,5.3,8,Auto-6,4WD,Gasoline,standard SUV,3.0,16,22,18,3,No
GMC Yukon 1500,6.2,8,Auto-10,2WD,Gasoline,standard SUV,3.0,14,23,17,3,No
GMC Yukon 1500,6.2,8,Auto-10,4WD,Gasoline,standard SUV,3.0,14,22,17,3,No
GMC Yukon 1500 XL,5.3,8,Auto-6,2WD,Gasoline,standard SUV,3.0,16,23,19,3,No
GMC Yukon 1500 XL,6.2,8,Auto-10,2WD,Gasoline,standard SUV,3.0,14,23,17,3,No
GMC Yukon XL 1500,5.3,8,Auto-6,4WD,Gasoline,standard SUV,3.0,15,22,18,3,No
GMC Yukon XL 1500,6.2,8,Auto-10,4WD,Gasoline,standard SUV,3.0,14,21,16,2,No
HONDA Civic 5Dr,1.5,4,CVT,2WD,Gasoline,large car,7.0,31,40,34,8,Yes
HONDA Civic 5Dr,1.5,4,CVT,2WD,Gasoline,large car,3.0,31,40,34,8,Yes
HONDA Civic 5Dr,1.5,4,Man-6,2WD,Gasoline,large car,3.0,29,38,33,8,Yes
HONDA Civic 5Dr,1.5,4,SCV-7,2WD,Gasoline,large car,7.0,30,36,32,7,Yes
HONDA Civic 5Dr,1.5,4,SCV-7,2WD,Gasoline,large car,3.0,30,36,32,7,Yes
HONDA Fit,1.5,4,CVT,2WD,Gasoline,station wagon,7.0,33,40,36,8,Yes
HONDA Fit,1.5,4,Man-6,2WD,Gasoline,station wagon,3.0,29,36,31,7,Yes
HONDA Fit,1.5,4,SCV-7,2WD,Gasoline,station wagon,7.0,31,36,33,8,Yes
HONDA HR-V,1.8,4,CVT,2WD,Gasoline,station wagon,3.0,28,34,31,7,Yes
HONDA HR-V,1.8,4,CVT,4WD,Gasoline,station wagon,3.0,27,31,29,6,No
HONDA HR-V,1.8,4,Man-6,2WD,Gasoline,station wagon,3.0,25,33,28,6,No
HONDA HR-V,1.8,4,SCV-7,2WD,Gasoline,station wagon,3.0,28,34,31,7,Yes
HONDA HR-V,1.8,4,SCV-7,4WD,Gasoline,station wagon,3.0,27,31,29,6,No
HONDA Ridgeline,3.5,6,Auto-6,2WD,Gasoline,pickup,3.0,19,26,22,4,No
HONDA Ridgeline,3.5,6,Auto-6,4WD,Gasoline,pickup,3.0,18,25,21,4,No
HYUNDAI Elantra,1.4,4,AutoMan-7,2WD,Gasoline,midsize car,3.0,32,40,35,8,Yes
HYUNDAI Elantra,1.6,4,AutoMan-7,2WD,Gasoline,midsize car,3.0,26,33,29,6,No
HYUNDAI Elantra,1.6,4,Man-6,2WD,Gasoline,midsize car,3.0,22,30,25,5,No
HYUNDAI Elantra,2.0,4,Man-6,2WD,Gasoline,midsize car,5.0,26,36,29,6,No
HYUNDAI Elantra,2.0,4,SemiAuto-6,2WD,Gasoline,midsize car,7.0,28,37,32,7,Yes
HYUNDAI Elantra,2.0,4,SemiAuto-6,2WD,Gasoline,midsize car,5.0,28,37,32,7,Yes
HYUNDAI Elantra GT,1.6,4,AutoMan-7,2WD,Gasoline,large car,3.0,26,32,28,6,No
HYUNDAI Elantra GT,1.6,4,Man-6,2WD,Gasoline,large car,3.0,22,29,25,5,No
HYUNDAI Elantra GT,2.0,4,Man-6,2WD,Gasoline,large car,3.0,23,31,26,5,No
HYUNDAI Elantra GT,2.0,4,SemiAuto-6,2WD,Gasoline,large car,3.0,24,32,27,6,No
HYUNDAI Elantra SE,2.0,4,SemiAuto-6,2WD,Gasoline,midsize car,7.0,29,38,33,8,Yes
HYUNDAI Elantra SE,2.0,4,SemiAuto-6,2WD,Gasoline,midsize car,5.0,29,38,33,8,Yes
HYUNDAI Santa Fe,3.3,6,SemiAuto-6,2WD,Gasoline,small SUV,3.0,18,25,21,4,No
HYUNDAI Santa Fe,3.3,6,SemiAuto-6,4WD,Gasoline,small SUV,3.0,18,24,20,4,No
HYUNDAI Santa Fe Sport,2.0,4,SemiAuto-6,2WD,Gasoline,small SUV,3.0,20,28,23,5,No
HYUNDAI Santa Fe Sport,2.0,4,SemiAuto-6,4WD,Gasoline,small SUV,3.0,19,26,22,4,No
HYUNDAI Santa Fe Sport,2.4,4,SemiAuto-6,2WD,Gasoline,small SUV,5.0,21,27,24,5,No
HYUNDAI Santa Fe Sport,2.4,4,SemiAuto-6,4WD,Gasoline,small SUV,5.0,20,26,22,4,No
HYUNDAI Santa Fe Sport Ultimate,2.0,4,SemiAuto-6,2WD,Gasoline,small SUV,3.0,20,27,23,5,No
HYUNDAI Santa Fe Sport Ultimate,2.0,4,SemiAuto-6,4WD,Gasoline,small SUV,3.0,19,24,21,4,No
HYUNDAI Santa Fe Ultimate,3.3,6,SemiAuto-6,2WD,Gasoline,small SUV,3.0,17,23,20,4,No
HYUNDAI Santa Fe Ultimate,3.3,6,SemiAuto-6,4WD,Gasoline,small SUV,3.0,17,22,19,3,No
HYUNDAI Sonata,1.6,4,AutoMan-7,2WD,Gasoline,large car,5.0,28,37,31,7,Yes
HYUNDAI Sonata,2.0,4,SemiAuto-8,2WD,Gasoline,large car,5.0,23,32,26,5,No
HYUNDAI Sonata,2.4,4,SemiAuto-6,2WD,Gasoline,large car,7.0,25,35,28,6,No
HYUNDAI Sonata,2.4,4,SemiAuto-6,2WD,Gasoline,large car,5.0,25,35,28,6,No
HYUNDAI Sonata SE,2.4,4,SemiAuto-6,2WD,Gasoline,large car,7.0,25,36,29,6,No
HYUNDAI Sonata SE,2.4,4,SemiAuto-6,2WD,Gasoline,large car,5.0,25,36,29,6,No
INFINITI Q50,2.0,4,SemiAuto-7,2WD,Gasoline,midsize car,3.0,23,30,25,5,No
INFINITI Q50,2.0,4,SemiAuto-7,4WD,Gasoline,midsize car,3.0,22,28,24,5,No
INFINITI Q50,3.0,6,SemiAuto-7,2WD,Gasoline,midsize car,3.0,20,29,23,5,No
INFINITI Q50,3.0,6,SemiAuto-7,4WD,Gasoline,midsize car,3.0,19,27,22,4,No
INFINITI Q50 Hybrid,3.5,6,SemiAuto-7,2WD,Gasoline,small car,3.0,27,32,29,6,No
INFINITI Q50 Hybrid,3.5,6,SemiAuto-7,4WD,Gasoline,small car,3.0,26,30,28,6,No
INFINITI Q50 Red Sport,3.0,6,SemiAuto-7,2WD,Gasoline,midsize car,3.0,20,26,22,4,No
INFINITI Q50 Red Sport,3.0,6,SemiAuto-7,4WD,Gasoline,midsize car,3.0,19,26,22,4,No
INFINITI Q70,3.7,6,SemiAuto-7,2WD,Gasoline,midsize car,3.0,18,25,21,4,No
INFINITI Q70,3.7,6,SemiAuto-7,4WD,Gasoline,midsize car,3.0,18,24,20,4,No
INFINITI Q70,5.6,8,SemiAuto-7,2WD,Gasoline,midsize car,3.0,16,24,19,3,No
INFINITI Q70,5.6,8,SemiAuto-7,4WD,Gasoline,midsize car,3.0,16,23,18,3,No
INFINITI Q70 Hybrid,3.5,6,SemiAuto-7,2WD,Gasoline,midsize car,3.0,28,33,30,7,Yes
INFINITI QX30,2.0,4,AutoMan-7,2WD,Gasoline,small car,3.0,24,33,27,6,No
INFINITI QX30,2.0,4,AutoMan-7,4WD,Gasoline,small car,3.0,21,30,25,5,No
JAGUAR F-Pace,2.0,4,SemiAuto-8,4WD,Diesel,small SUV,1.0,26,33,29,5,No
JAGUAR F-Pace,2.0,4,SemiAuto-8,4WD,Gasoline,small SUV,7.0,22,27,24,5,No
JAGUAR F-Pace,3.0,6,SemiAuto-8,4WD,Gasoline,small SUV,7.0,18,23,20,4,No
JAGUAR F-Type Convertible,3.0,6,Man-6,2WD,Gasoline,small car,7.0,16,24,19,3,No
JAGUAR F-Type Convertible,3.0,6,SemiAuto-8,2WD,Gasoline,small car,7.0,20,28,23,5,No
JAGUAR F-Type Coupe,3.0,6,Man-6,2WD,Gasoline,small car,7.0,16,24,19,3,No
JAGUAR F-Type Coupe,3.0,6,SemiAuto-8,2WD,Gasoline,small car,7.0,20,28,23,5,No
JAGUAR F-Type R Convertible,5.0,8,SemiAuto-8,4WD,Gasoline,small car,3.0,15,23,18,3,No
JAGUAR F-Type R Coupe,5.0,8,SemiAuto-8,4WD,Gasoline,small car,3.0,15,23,18,3,No
JAGUAR F-Type S Convertible,3.0,6,Man-6,2WD,Gasoline,small car,7.0,15,24,18,3,No
JAGUAR F-Type S Convertible,3.0,6,SemiAuto-8,2WD,Gasoline,small car,7.0,19,27,22,4,No
JAGUAR F-Type S Convertible,3.0,6,SemiAuto-8,4WD,Gasoline,small car,7.0,18,26,21,4,No
JAGUAR F-Type S Coupe,3.0,6,Man-6,2WD,Gasoline,small car,7.0,15,24,18,3,No
JAGUAR F-Type S Coupe,3.0,6,SemiAuto-8,2WD,Gasoline,small car,7.0,19,27,22,4,No
JAGUAR F-Type S Coupe,3.0,6,SemiAuto-8,4WD,Gasoline,small car,7.0,18,26,21,4,No
JAGUAR XE,2.0,4,SemiAuto-8,2WD,Diesel,small car,1.0,32,42,36,7,No
JAGUAR XE,2.0,4,SemiAuto-8,2WD,Gasoline,small car,7.0,25,34,28,6,No
JAGUAR XE,2.0,4,SemiAuto-8,4WD,Diesel,small car,1.0,30,40,34,7,No
JAGUAR XE,2.0,4,SemiAuto-8,4WD,Gasoline,small car,7.0,24,34,28,6,No
JAGUAR XE,3.0,6,SemiAuto-8,2WD,Gasoline,small car,7.0,21,30,24,5,No
JAGUAR XE,3.0,6,SemiAuto-8,4WD,Gasoline,small car,7.0,20,29,23,5,No
JAGUAR XF,2.0,4,SemiAuto-8,2WD,Diesel,midsize car,1.0,31,42,35,7,No
JAGUAR XF,2.0,4,SemiAuto-8,2WD,Gasoline,midsize car,7.0,25,34,28,6,No
JAGUAR XF,2.0,4,SemiAuto-8,4WD,Diesel,midsize car,1.0,30,40,34,7,No
JAGUAR XF,2.0,4,SemiAuto-8,4WD,Gasoline,midsize car,7.0,23,33,27,6,No
JAGUAR XF,3.0,6,SemiAuto-8,2WD,Gasoline,midsize car,7.0,20,29,23,5,No
JAGUAR XF,3.0,6,SemiAuto-8,4WD,Gasoline,midsize car,7.0,20,28,23,5,No
JEEP Cherokee,2.4,4,Auto-9,2WD,Gasoline,small SUV,7.0,21,30,25,5,No
JEEP Cherokee,2.4,4,Auto-9,4WD,Gasoline,small SUV,3.0,21,28,23,5,No
JEEP Cherokee,3.2,6,Auto-9,2WD,Gasoline,small SUV,3.0,21,29,24,5,No
JEEP Cherokee,3.2,6,Auto-9,4WD,Gasoline,small SUV,3.0,20,27,23,5,No
JEEP Cherokee 4x4 Active Drive II,2.4,4,Auto-9,4WD,Gasoline,small SUV,7.0,21,27,23,5,No
JEEP Cherokee 4x4 Active Drive II,2.4,4,Auto-9,4WD,Gasoline,small SUV,1.0,21,27,23,5,No
JEEP Cherokee 4x4 Active Drive II,3.2,6,Auto-9,4WD,Gasoline,small SUV,3.0,18,26,21,4,No
JEEP Cherokee Trailhawk,2.4,4,Auto-9,4WD,Gasoline,small SUV,7.0,19,25,22,4,No
JEEP Cherokee Trailhawk,2.4,4,Auto-9,4WD,Gasoline,small SUV,1.0,19,25,22,4,No
JEEP Cherokee Trailhawk,3.2,6,Auto-9,4WD,Gasoline,small SUV,3.0,18,24,21,4,No
JEEP Compass,2.4,4,Auto-6,2WD,Gasoline,small SUV,7.0,22,31,25,5,No
JEEP Compass,2.4,4,Auto-9,4WD,Gasoline,small SUV,7.0,22,30,25,5,No
JEEP Compass,2.4,4,Man-6,2WD,Gasoline,small SUV,3.0,23,32,26,5,No
JEEP Compass,2.4,4,Man-6,4WD,Gasoline,small SUV,3.0,22,31,25,5,No
JEEP Grand Cherokee,3.6,6,Auto-8,2WD,Gasoline,standard SUV,5.0,19,26,21,4,No
JEEP Grand Cherokee,3.6,6,Auto-8,4WD,Gasoline,standard SUV,5.0,18,25,21,4,No
JEEP Grand Cherokee,5.7,8,Auto-8,4WD,Gasoline,standard SUV,3.0,14,22,17,3,No
JEEP Grand Cherokee SRT,6.4,8,Auto-8,4WD,Gasoline,standard SUV,1.0,13,19,15,2,No
KIA Forte,2.0,4,Man-6,2WD,Gasoline,midsize car,5.0,25,34,28,6,No
KIA Forte,2.0,4,SemiAuto-6,2WD,Gasoline,midsize car,7.0,29,37,32,7,Yes
KIA Forte,2.0,4,SemiAuto-6,2WD,Gasoline,midsize car,5.0,29,37,32,7,Yes
KIA Forte,2.0,4,SemiAuto-6,2WD,Gasoline,midsize car,7.0,25,33,28,6,No
KIA Forte,2.0,4,SemiAuto-6,2WD,Gasoline,midsize car,3.0,25,33,28,6,No
KIA Forte5,1.6,4,AutoMan-7,2WD,Gasoline,large car,3.0,25,30,27,6,No
KIA Forte5,1.6,4,Man-6,2WD,Gasoline,large car,3.0,23,29,25,5,No
KIA Forte5,2.0,4,SemiAuto-6,2WD,Gasoline,large car,3.0,25,34,28,6,No
KIA Optima,1.6,4,AutoMan-7,2WD,Gasoline,large car,3.0,28,37,31,7,Yes
KIA Optima,2.0,4,SemiAuto-6,2WD,Gasoline,large car,3.0,22,31,25,5,No
KIA Optima,2.4,4,SemiAuto-6,2WD,Gasoline,large car,7.0,24,34,28,6,No
KIA Optima,2.4,4,SemiAuto-6,2WD,Gasoline,large car,5.0,24,34,28,6,No
KIA Optima FE,2.4,4,SemiAuto-6,2WD,Gasoline,large car,7.0,25,36,29,6,No
KIA Optima FE,2.4,4,SemiAuto-6,2WD,Gasoline,large car,5.0,25,36,29,6,No
KIA Rio,1.6,4,Man-6,2WD,Gasoline,small car,3.0,29,37,32,7,Yes
KIA Rio,1.6,4,SemiAuto-6,2WD,Gasoline,small car,3.0,28,37,32,7,Yes
KIA Sedona,3.3,6,SemiAuto-6,2WD,Gasoline,minivan,3.0,18,24,20,4,No
KIA Sedona SX,3.3,6,SemiAuto-6,2WD,Gasoline,minivan,3.0,18,25,21,4,No
KIA Sedona SXL,3.3,6,SemiAuto-6,2WD,Gasoline,minivan,3.0,17,22,19,3,No
KIA Sorento,2.0,4,SemiAuto-6,2WD,Gasoline,small SUV,3.0,20,27,23,5,No
KIA Sorento,2.0,4,SemiAuto-6,4WD,Gasoline,small SUV,3.0,19,25,22,4,No
KIA Sorento,2.4,4,SemiAuto-6,2WD,Gasoline,small SUV,5.0,21,28,24,5,No
KIA Sorento,2.4,4,SemiAuto-6,4WD,Gasoline,small SUV,5.0,21,25,22,4,No
KIA Sorento,3.3,6,SemiAuto-6,2WD,Gasoline,small SUV,3.0,18,25,20,4,No
KIA Sorento,3.3,6,SemiAuto-6,4WD,Gasoline,small SUV,3.0,17,23,19,3,No
KIA Sorento FE,3.3,6,SemiAuto-6,4WD,Gasoline,small SUV,3.0,18,25,21,4,No
KIA Soul,1.6,4,AutoMan-7,2WD,Gasoline,station wagon,3.0,26,31,28,6,No
KIA Soul,1.6,4,Man-6,2WD,Gasoline,station wagon,3.0,24,30,27,6,No
KIA Soul,1.6,4,SemiAuto-6,2WD,Gasoline,station wagon,3.0,25,30,27,6,No
KIA Soul,2.0,4,SemiAuto-6,2WD,Gasoline,station wagon,7.0,25,30,27,6,No
KIA Soul,2.0,4,SemiAuto-6,2WD,Gasoline,station wagon,5.0,25,30,27,6,No
KIA Sportage,2.0,4,SemiAuto-6,2WD,Gasoline,small SUV,3.0,21,26,23,5,No
KIA Sportage,2.0,4,SemiAuto-6,4WD,Gasoline,small SUV,3.0,20,23,21,4,No
KIA Sportage,2.4,4,SemiAuto-6,2WD,Gasoline,small SUV,7.0,22,29,25,5,No
KIA Sportage,2.4,4,SemiAuto-6,2WD,Gasoline,small SUV,5.0,22,29,25,5,No
KIA Sportage,2.4,4,SemiAuto-6,4WD,Gasoline,small SUV,7.0,21,25,23,5,No
KIA Sportage,2.4,4,SemiAuto-6,4WD,Gasoline,small SUV,5.0,21,25,23,5,No
KIA Sportage FE,2.4,4,SemiAuto-6,2WD,Gasoline,small SUV,7.0,23,30,26,5,No
KIA Sportage FE,2.4,4,SemiAuto-6,2WD,Gasoline,small SUV,5.0,23,30,26,5,No
KIA Sportage FE,2.4,4,SemiAuto-6,4WD,Gasoline,small SUV,7.0,21,25,22,4,No
KIA Sportage FE,2.4,4,SemiAuto-6,4WD,Gasoline,small SUV,5.0,21,25,22,4,No
LAMBORGHINI Aventador Coupe,6.5,12,AMS-7,4WD,Gasoline,small car,1.0,10,17,12,1,No
LAMBORGHINI Aventador Roadster,6.5,12,AMS-7,4WD,Gasoline,small car,1.0,10,16,12,1,No
LAMBORGHINI Aventador S Coupe,6.5,12,AMS-7,4WD,Gasoline,small car,1.0,10,17,12,1,No
LAMBORGHINI Aventador S Roadster,6.5,12,AMS-7,4WD,Gasoline,small car,1.0,10,16,12,1,No
LAND ROVER Range Rover Velar,2.0,4,SemiAuto-8,4WD,Diesel,small SUV,1.0,26,30,28,5,No
LAND ROVER Range Rover Velar,2.0,4,SemiAuto-8,4WD,Gasoline,small SUV,7.0,21,27,23,5,No
LAND ROVER Range Rover Velar,3.0,6,SemiAuto-8,4WD,Gasoline,small SUV,7.0,18,24,20,4,No
LEXUS GX 460,4.6,8,SemiAuto-6,4WD,Gasoline,standard SUV,3.0,15,18,16,2,No
LEXUS LC 500,5.0,8,SemiAuto-10,2WD,Gasoline,small car,5.0,16,26,19,3,No
LEXUS LC 500h,3.5,6,SCV-10,2WD,Gasoline,small car,7.0,26,35,30,7,Yes
LEXUS LX 570,5.7,8,SemiAuto-8,4WD,Gasoline,standard SUV,3.0,13,18,15,2,No
LINCOLN Continental,2.7,6,SemiAuto-6,2WD,Gasoline,large car,5.0,18,27,21,4,No
LINCOLN Continental,2.7,6,SemiAuto-6,4WD,Gasoline,large car,5.0,17,25,20,4,No
LINCOLN Continental,3.0,6,SemiAuto-6,4WD,Gasoline,large car,5.0,16,24,19,3,No
LINCOLN Continental,3.7,6,SemiAuto-6,2WD,Gasoline,large car,3.0,17,26,20,4,No
LINCOLN Continental,3.7,6,SemiAuto-6,4WD,Gasoline,large car,3.0,16,24,19,3,No
LINCOLN MKT,3.5,6,SemiAuto-6,4WD,Gasoline,standard SUV,3.0,15,21,17,3,No
LINCOLN MKT,3.7,6,SemiAuto-6,2WD,Gasoline,standard SUV,3.0,16,24,19,3,No
LINCOLN MKT Livery,3.7,6,Auto-6,4WD,Gasoline,special purpose,3.0,16,23,18,3,No
MASERATI Ghibli,3.0,6,Auto-8,2WD,Gasoline,midsize car,1.0,17,24,19,3,No
MASERATI Ghibli S,3.0,6,Auto-8,2WD,Gasoline,midsize car,1.0,16,24,19,3,No
MASERATI Ghibli S Q4,3.0,6,Auto-8,4WD,Gasoline,midsize car,1.0,16,24,19,3,No
MASERATI Granturismo,4.7,8,Auto-6,2WD,Gasoline,small car,1.0,13,21,16,2,No
MASERATI Granturismo Convertible,4.7,8,Auto-6,2WD,Gasoline,small car,1.0,13,20,15,2,No
MASERATI Levante,3.0,8,Auto-8,4WD,Gasoline,standard SUV,1.0,14,20,16,2,No
MASERATI Levante S,3.0,8,Auto-8,4WD,Gasoline,standard SUV,1.0,14,19,16,2,No
MASERATI Quattroporte S,3.0,6,Auto-8,2WD,Gasoline,large car,1.0,16,23,18,3,No
MASERATI Quattroporte S Q4,3.0,6,Auto-8,4WD,Gasoline,large car,1.0,16,23,18,3,No
MAZDA 3,2.0,4,Man-6,2WD,Gasoline,midsize car,7.0,27,37,31,7,Yes
MAZDA 3,2.0,4,Man-6,2WD,Gasoline,small car,7.0,28,38,31,7,Yes
MAZDA 3,2.0,4,SemiAuto-6,2WD,Gasoline,midsize car,7.0,28,37,32,7,Yes
MAZDA 3,2.0,4,SemiAuto-6,2WD,Gasoline,small car,7.0,28,37,31,7,Yes
MAZDA 3,2.5,4,SemiAuto-6,2WD,Gasoline,midsize car,7.0,26,35,30,7,Yes
MAZDA 3,2.5,4,SemiAuto-6,2WD,Gasoline,small car,7.0,27,36,30,7,Yes
MAZDA CX-3,2.0,4,SemiAuto-6,2WD,Gasoline,small car,3.0,29,34,31,7,Yes
MAZDA CX-3,2.0,4,SemiAuto-6,4WD,Gasoline,small car,3.0,27,32,29,6,No
MAZDA CX-9,2.5,4,SemiAuto-6,2WD,Gasoline,small SUV,3.0,22,28,24,5,No
MAZDA CX-9,2.5,4,SemiAuto-6,4WD,Gasoline,small SUV,3.0,20,26,23,5,No
MERCEDES-BENZ AMG C63,4.0,8,Auto-7,2WD,Gasoline,small car,5.0,17,22,19,3,No
MERCEDES-BENZ AMG C63,4.0,8,Auto-7,2WD,Gasoline,small car,5.0,17,23,19,3,No
MERCEDES-BENZ AMG C63,4.0,8,Auto-7,2WD,Gasoline,small car,5.0,18,24,20,4,No
MERCEDES-BENZ AMG C63 S,4.0,8,Auto-7,2WD,Gasoline,small car,5.0,17,22,19,3,No
MERCEDES-BENZ AMG C63 S,4.0,8,Auto-7,2WD,Gasoline,small car,5.0,17,23,19,3,No
MERCEDES-BENZ AMG C63 S,4.0,8,Auto-7,2WD,Gasoline,small car,5.0,18,24,20,4,No
MERCEDES-BENZ AMG CLA45 4Matic,2.0,4,AutoMan-7,4WD,Gasoline,small car,3.0,23,30,26,5,No
MERCEDES-BENZ AMG CLS63 4Matic,5.5,8,Auto-7,4WD,Gasoline,small car,3.0,16,22,18,3,No
MERCEDES-BENZ AMG E63 S 4Matic,4.0,8,Auto-9,4WD,Gasoline,midsize car,5.0,15,22,18,3,No
MERCEDES-BENZ AMG E63 S 4Matic,4.0,8,Auto-9,4WD,Gasoline,station wagon,5.0,16,22,18,3,No
MERCEDES-BENZ AMG GLA45 4Matic,2.0,4,AutoMan-7,4WD,Gasoline,station wagon,3.0,22,28,25,5,No
MERCEDES-BENZ AMG GLE 43 4Matic,3.0,6,Auto-9,4WD,Gasoline,standard SUV,3.0,17,22,19,3,No
MERCEDES-BENZ AMG GLE 43 4Matic,3.0,6,Auto-9,4WD,Gasoline,standard SUV,3.0,17,23,19,3,No
MERCEDES-BENZ AMG GLE63,5.5,8,Auto-7,4WD,Gasoline,standard SUV,3.0,14,18,15,2,No
MERCEDES-BENZ AMG GLE63 S,5.5,8,Auto-7,4WD,Gasoline,standard SUV,3.0,14,18,15,2,No
MERCEDES-BENZ AMG GLS63,5.5,8,Auto-7,4WD,Gasoline,standard SUV,3.0,13,18,15,2,No
MERCEDES-BENZ AMG GT,4.0,8,AutoMan-7,2WD,Gasoline,small car,5.0,16,21,18,3,No
MERCEDES-BENZ AMG GT,4.0,8,AutoMan-7,2WD,Gasoline,small car,5.0,16,22,18,3,No
MERCEDES-BENZ AMG GT S,4.0,8,AutoMan-7,2WD,Gasoline,small car,5.0,16,22,18,3,No
MERCEDES-BENZ AMG S63 4Matic,4.0,8,Auto-9,4WD,Gasoline,large car,5.0,17,26,20,4,No
MERCEDES-BENZ AMG SL63,5.5,8,Auto-7,2WD,Gasoline,small car,3.0,16,25,19,3,No
MERCEDES-BENZ AMG SL65,6.0,12,Auto-7,2WD,Gasoline,small car,3.0,13,22,16,2,No
MERCEDES-BENZ C300,2.0,4,Auto-9,2WD,Gasoline,small car,5.0,22,29,25,5,No
MERCEDES-BENZ C300,2.0,4,Auto-9,2WD,Gasoline,small car,5.0,22,30,25,5,No
MERCEDES-BENZ C300,2.0,4,Auto-9,2WD,Gasoline,small car,5.0,24,33,27,6,No
MERCEDES-BENZ C300 4Matic,2.0,4,Auto-9,4WD,Gasoline,small car,5.0,22,29,25,5,No
MERCEDES-BENZ C300 4Matic,2.0,4,Auto-9,4WD,Gasoline,small car,5.0,22,30,25,5,No
MERCEDES-BENZ C300 4Matic,2.0,4,Auto-9,4WD,Gasoline,small car,5.0,23,32,26,5,No
MERCEDES-BENZ CLA250,2.0,4,AutoMan-7,2WD,Gasoline,small car,5.0,24,37,29,6,No
MERCEDES-BENZ CLA250 4Matic,2.0,4,AutoMan-7,4WD,Gasoline,small car,5.0,24,32,27,6,No
MERCEDES-BENZ CLS550,4.7,8,Auto-9,2WD,Gasoline,small car,3.0,18,26,21,4,No
MERCEDES-BENZ CLS550 4Matic,4.7,8,Auto-9,4WD,Gasoline,small car,3.0,17,25,20,4,No
MERCEDES-BENZ E300,2.0,4,Auto-9,2WD,Gasoline,midsize car,5.0,22,30,25,5,No
MERCEDES-BENZ E300 4Matic,2.0,4,Auto-9,4WD,Gasoline,midsize car,5.0,21,29,24,5,No
MERCEDES-BENZ GLA 250,2.0,4,AutoMan-7,2WD,Gasoline,station wagon,5.0,24,33,27,6,No
MERCEDES-BENZ GLA250 4Matic,2.0,4,AutoMan-7,4WD,Gasoline,small SUV,5.0,23,31,26,5,No
MERCEDES-BENZ GLC 300,2.0,4,Auto-9,2WD,Gasoline,small SUV,5.0,22,28,24,5,No
MERCEDES-BENZ GLC 300 4Matic,2.0,4,Auto-9,4WD,Gasoline,small SUV,5.0,21,28,24,5,No
MERCEDES-BENZ GLC 300 4Matic,2.0,4,Auto-9,4WD,Gasoline,small SUV,5.0,22,27,24,5,No
MERCEDES-BENZ GLE350,3.5,6,Auto-7,2WD,Gasoline,standard SUV,3.0,18,23,20,4,No
MERCEDES-BENZ GLE350 4Matic,3.5,6,Auto-7,4WD,Gasoline,standard SUV,3.0,18,22,19,3,No
MERCEDES-BENZ GLS450 4Matic,3.0,6,Auto-9,4WD,Gasoline,standard SUV,3.0,17,22,19,3,No
MERCEDES-BENZ GLS550 4Matic,4.7,8,Auto-9,4WD,Gasoline,standard SUV,3.0,14,19,16,2,No
MERCEDES-BENZ S560 4Matic,4.0,8,Auto-9,4WD,Gasoline,large car,5.0,17,27,21,4,No
MERCEDES-BENZ S560 4Matic Maybach,4.0,8,Auto-9,4WD,Gasoline,large car,5.0,16,25,19,3,No
MERCEDES-BENZ SL550,4.7,8,Auto-9,2WD,Gasoline,small car,3.0,17,25,20,4,No
MERCEDES-BENZ SLC300,2.0,4,Auto-9,2WD,Gasoline,small car,3.0,25,32,27,6,No
MINI Cooper Clubman,1.5,3,Man-6,2WD,Gasoline,midsize car,7.0,24,34,28,6,No
MINI Cooper Clubman,1.5,3,SemiAuto-6,2WD,Gasoline,midsize car,7.0,24,32,27,6,No
MINI Cooper Clubman All4,1.5,3,Man-6,4WD,Gasoline,midsize car,3.0,22,32,26,5,No
MINI Cooper Clubman All4,1.5,3,SemiAuto-8,4WD,Gasoline,midsize car,3.0,23,31,26,5,No
MINI Cooper Convertible,1.5,3,Man-6,2WD,Gasoline,small car,7.0,28,37,32,7,Yes
MINI Cooper Convertible,1.5,3,SemiAuto-6,2WD,Gasoline,small car,7.0,27,35,30,7,Yes
MINI Cooper Countryman,1.5,3,Man-6,2WD,Gasoline,midsize car,3.0,24,34,28,6,No
MINI Cooper Countryman,1.5,3,SemiAuto-6,2WD,Gasoline,midsize car,3.0,24,32,27,6,No
MINI Cooper Countryman All4,1.5,3,Man-6,4WD,Gasoline,midsize car,3.0,22,32,26,5,No
MINI Cooper Countryman All4,1.5,3,SemiAuto-8,4WD,Gasoline,midsize car,3.0,23,30,25,5,No
MINI Cooper Hardtop,1.5,3,Man-6,2WD,Gasoline,small car,7.0,28,37,32,7,Yes
MINI Cooper Hardtop,1.5,3,Man-6,2WD,Gasoline,small car,7.0,28,38,32,7,Yes
MINI Cooper Hardtop,1.5,3,SemiAuto-6,2WD,Gasoline,small car,7.0,27,35,30,7,Yes
MINI Cooper S Clubman,2.0,4,Man-6,2WD,Gasoline,midsize car,7.0,22,31,25,5,No
MINI Cooper S Clubman,2.0,4,SemiAuto-8,2WD,Gasoline,midsize car,7.0,23,32,27,6,No
MINI Cooper S Clubman All4,2.0,4,Man-6,4WD,Gasoline,midsize car,7.0,21,30,24,5,No
MINI Cooper S Clubman All4,2.0,4,SemiAuto-8,4WD,Gasoline,midsize car,7.0,22,31,26,5,No
MINI Cooper S Convertible,2.0,4,Man-6,2WD,Gasoline,small car,7.0,23,32,26,5,No
MINI Cooper S Convertible,2.0,4,SemiAuto-6,2WD,Gasoline,small car,7.0,25,33,28,6,No
MINI Cooper S Countryman,2.0,4,SemiAuto-8,2WD,Gasoline,midsize car,7.0,23,32,27,6,No
MINI Cooper S Countryman All4,2.0,4,Man-6,4WD,Gasoline,midsize car,7.0,21,31,24,5,No
MINI Cooper S Countryman All4,2.0,4,SemiAuto-8,4WD,Gasoline,midsize car,7.0,22,31,26,5,No
MINI Cooper S Hardtop,2.0,4,Man-6,2WD,Gasoline,small car,7.0,23,32,26,5,No
MINI Cooper S Hardtop,2.0,4,SemiAuto-6,2WD,Gasoline,small car,7.0,25,32,28,6,No
MINI JCW Countryman All4,2.0,4,Man-6,4WD,Gasoline,midsize car,3.0,20,29,24,5,No
MINI JCW Countryman All4,2.0,4,SemiAuto-8,4WD,Gasoline,midsize car,3.0,22,30,25,5,No
MINI John Cooper Works Clubman All4,2.0,4,Man-6,4WD,Gasoline,midsize car,3.0,21,31,24,5,No
MINI John Cooper Works Clubman All4,2.0,4,SemiAuto-8,4WD,Gasoline,midsize car,3.0,23,31,26,5,No
MINI John Cooper Works Convertible,2.0,4,Man-6,2WD,Gasoline,small car,3.0,22,31,25,5,No
MINI John Cooper Works Convertible,2.0,4,SemiAuto-6,2WD,Gasoline,small car,3.0,25,33,28,6,No
MINI John Cooper Works Hardtop,2.0,4,Man-6,2WD,Gasoline,small car,3.0,23,32,26,5,No
MINI John Cooper Works Hardtop,2.0,4,SemiAuto-6,2WD,Gasoline,small car,3.0,25,32,28,6,No
MITSUBISHI Mirage,1.2,3,CVT,2WD,Gasoline,small car,5.0,37,43,39,9,Yes
MITSUBISHI Mirage,1.2,3,Man-5,2WD,Gasoline,small car,5.0,33,41,36,8,Yes
MITSUBISHI Mirage G4,1.2,3,CVT,2WD,Gasoline,small car,5.0,35,41,37,8,Yes
MITSUBISHI Mirage G4,1.2,3,Man-5,2WD,Gasoline,small car,5.0,33,40,35,8,Yes
NISSAN 370Z,3.7,6,Man-6,2WD,Gasoline,small car,3.0,18,26,21,4,No
NISSAN 370Z,3.7,6,SemiAuto-7,2WD,Gasoline,small car,3.0,19,26,22,4,No
NISSAN 370Z Roadster,3.7,6,Man-6,2WD,Gasoline,small car,3.0,17,24,20,4,No
NISSAN 370Z Roadster,3.7,6,SemiAuto-7,2WD,Gasoline,small car,3.0,18,25,21,4,No
NISSAN Armada,5.6,8,SemiAuto-7,2WD,Gasoline,standard SUV,3.0,14,19,16,2,No
NISSAN Armada,5.6,8,SemiAuto-7,4WD,Gasoline,standard SUV,3.0,13,18,15,2,No
NISSAN Versa,1.6,4,Auto-4,2WD,Gasoline,small car,3.0,26,35,29,6,No
NISSAN Versa,1.6,4,CVT,2WD,Gasoline,small car,3.0,31,39,34,8,Yes
NISSAN Versa,1.6,4,CVT,2WD,Gasoline,small car,5.0,31,39,34,8,Yes
NISSAN Versa,1.6,4,Man-5,2WD,Gasoline,small car,3.0,27,36,30,7,Yes
NISSAN Versa,1.6,4,Man-5,2WD,Gasoline,small car,5.0,27,36,30,7,Yes
PORSCHE 911 Carrera,3.0,6,AMS-7,2WD,Gasoline,small car,1.0,22,30,25,5,No
PORSCHE 911 Carrera,3.0,6,Man-7,2WD,Gasoline,small car,1.0,20,29,23,5,No
PORSCHE 911 Carrera 4,3.0,6,AMS-7,4WD,Gasoline,small car,1.0,22,28,24,5,No
PORSCHE 911 Carrera 4,3.0,6,Man-7,4WD,Gasoline,small car,1.0,20,28,23,5,No
PORSCHE 911 Carrera 4 Cabriolet,3.0,6,AMS-7,4WD,Gasoline,small car,1.0,21,28,24,5,No
PORSCHE 911 Carrera 4 Cabriolet,3.0,6,Man-7,4WD,Gasoline,small car,1.0,19,28,22,4,No
PORSCHE 911 Carrera 4 GTS,3.0,6,AMS-7,4WD,Gasoline,small car,1.0,20,26,22,4,No
PORSCHE 911 Carrera 4 GTS,3.0,6,Man-7,4WD,Gasoline,small car,1.0,18,26,21,4,No
PORSCHE 911 Carrera 4 GTS Cabriolet,3.0,6,AMS-7,4WD,Gasoline,small car,1.0,20,25,22,4,No
PORSCHE 911 Carrera 4 GTS Cabriolet,3.0,6,Man-7,4WD,Gasoline,small car,1.0,18,26,21,4,No
PORSCHE 911 Carrera 4S,3.0,6,AMS-7,4WD,Gasoline,small car,1.0,21,28,24,5,No
PORSCHE 911 Carrera 4S,3.0,6,Man-7,4WD,Gasoline,small car,1.0,20,28,23,5,No
PORSCHE 911 Carrera 4S Cabriolet,3.0,6,AMS-7,4WD,Gasoline,small car,1.0,21,28,24,5,No
PORSCHE 911 Carrera 4S Cabriolet,3.0,6,Man-7,4WD,Gasoline,small car,1.0,19,28,22,4,No
PORSCHE 911 Carrera Cabriolet,3.0,6,AMS-7,2WD,Gasoline,small car,1.0,22,28,24,5,No
PORSCHE 911 Carrera Cabriolet,3.0,6,Man-7,2WD,Gasoline,small car,1.0,20,29,23,5,No
PORSCHE 911 Carrera GTS,3.0,6,AMS-7,2WD,Gasoline,small car,1.0,20,26,23,5,No
PORSCHE 911 Carrera GTS,3.0,6,Man-7,2WD,Gasoline,small car,1.0,18,26,21,4,No
PORSCHE 911 Carrera GTS Cabriolet,3.0,6,AMS-7,2WD,Gasoline,small car,1.0,20,26,22,4,No
PORSCHE 911 Carrera GTS Cabriolet,3.0,6,Man-7,2WD,Gasoline,small car,1.0,18,26,21,4,No
PORSCHE 911 Carrera S,3.0,6,AMS-7,2WD,Gasoline,small car,1.0,22,28,24,5,No
PORSCHE 911 Carrera S,3.0,6,Man-7,2WD,Gasoline,small car,1.0,20,29,23,5,No
PORSCHE 911 Carrera S Cabriolet,3.0,6,AMS-7,2WD,Gasoline,small car,1.0,22,28,24,5,No
PORSCHE 911 Carrera S Cabriolet,3.0,6,Man-7,2WD,Gasoline,small car,1.0,20,28,23,5,No
PORSCHE 911 Targa 4,3.0,6,AMS-7,4WD,Gasoline,small car,1.0,22,28,24,5,No
PORSCHE 911 Targa 4,3.0,6,Man-7,4WD,Gasoline,small car,1.0,19,28,22,4,No
PORSCHE 911 Targa 4 GTS,3.0,6,AMS-7,4WD,Gasoline,small car,1.0,20,26,22,4,No
PORSCHE 911 Targa 4 GTS,3.0,6,Man-7,4WD,Gasoline,small car,1.0,18,26,21,4,No
PORSCHE 911 Targa 4S,3.0,6,AMS-7,4WD,Gasoline,small car,1.0,21,27,24,5,No
PORSCHE 911 Targa 4S,3.0,6,Man-7,4WD,Gasoline,small car,1.0,19,28,22,4,No
PORSCHE 911 Turbo,3.8,6,AMS-7,4WD,Gasoline,small car,1.0,19,24,21,4,No
PORSCHE 911 Turbo Cabriolet,3.8,6,AMS-7,4WD,Gasoline,small car,1.0,19,24,21,4,No
PORSCHE 911 Turbo S,3.8,6,AMS-7,4WD,Gasoline,small car,1.0,19,24,21,4,No
PORSCHE 911 Turbo S Cabriolet,3.8,6,AMS-7,4WD,Gasoline,small car,1.0,19,24,21,4,No
PORSCHE Boxster,2.0,4,AMS-7,2WD,Gasoline,small car,3.0,22,29,25,5,No
PORSCHE Boxster,2.0,4,Man-6,2WD,Gasoline,small car,3.0,21,28,24,5,No
PORSCHE Boxster S,2.5,4,AMS-7,2WD,Gasoline,small car,3.0,21,28,24,5,No
PORSCHE Boxster S,2.5,4,Man-6,2WD,Gasoline,small car,3.0,20,26,22,4,No
PORSCHE Cayenne GTS,3.6,6,SemiAuto-8,4WD,Gasoline,standard SUV,3.0,16,23,19,3,No
PORSCHE Cayenne S,3.6,6,SemiAuto-8,4WD,Gasoline,standard SUV,3.0,17,24,20,4,No
PORSCHE Macan,2.0,4,AMS-7,4WD,Gasoline,small SUV,3.0,20,25,22,4,No
PORSCHE Macan GTS,3.0,6,AMS-7,4WD,Gasoline,small SUV,3.0,17,23,19,3,No
PORSCHE Macan S,3.0,6,AMS-7,4WD,Gasoline,small SUV,3.0,17,23,19,3,No
PORSCHE Panamera,3.0,6,AMS-8,2WD,Gasoline,large car,5.0,21,28,24,5,No
PORSCHE Panamera 4,3.0,6,AMS-8,4WD,Gasoline,large car,5.0,21,27,23,5,No
PORSCHE Panamera 4 Executive,3.0,6,AMS-8,4WD,Gasoline,large car,5.0,21,27,23,5,No
PORSCHE Panamera 4S,2.9,6,AMS-8,4WD,Gasoline,large car,5.0,21,28,23,5,No
PORSCHE Panamera 4S Executive,2.9,6,AMS-8,4WD,Gasoline,large car,5.0,21,28,23,5,No
PORSCHE Panamera Turbo,4.0,8,AMS-8,4WD,Gasoline,large car,3.0,18,25,21,4,No
PORSCHE Panamera Turbo Executive,4.0,8,AMS-8,4WD,Gasoline,large car,3.0,18,25,21,4,No
RAM 1500,5.7,8,Auto-6,4WD,Gasoline,pickup,3.0,13,18,14,1,No
RAM 1500,5.7,8,Auto-8,2WD,Gasoline,pickup,3.0,15,22,17,3,No
RAM 1500,5.7,8,Auto-8,4WD,Gasoline,pickup,3.0,15,21,17,3,No
RAM Promaster City,2.4,4,Auto-9,2WD,Gasoline,special purpose,3.0,21,28,24,5,No
SUBARU Crosstrek,2.0,4,Man-6,4WD,Gasoline,small SUV,7.0,23,29,25,5,No
SUBARU Crosstrek,2.0,4,SCV-7,4WD,Gasoline,small SUV,7.0,27,33,29,6,No
SUBARU Forester,2.0,4,SCV-8,4WD,Gasoline,small SUV,1.0,23,27,25,5,No
SUBARU Forester,2.5,4,Man-6,4WD,Gasoline,small SUV,7.0,22,28,24,5,No
SUBARU Forester,2.5,4,SCV-6,4WD,Gasoline,small SUV,7.0,26,32,28,6,No
SUBARU Impreza,2.0,4,Man-5,4WD,Gasoline,midsize car,7.0,24,32,27,6,No
SUBARU Impreza,2.0,4,Man-5,4WD,Gasoline,station wagon,7.0,24,31,26,5,No
SUBARU Impreza,2.0,4,SCV-7,4WD,Gasoline,midsize car,7.0,28,38,32,7,Yes
SUBARU Impreza,2.0,4,SCV-7,4WD,Gasoline,station wagon,7.0,28,37,31,7,Yes
SUBARU Impreza Sport,2.0,4,Man-5,4WD,Gasoline,midsize car,7.0,23,31,26,5,No
SUBARU Impreza Sport,2.0,4,Man-5,4WD,Gasoline,station wagon,7.0,22,30,25,5,No
SUBARU Impreza Sport,2.0,4,SCV-7,4WD,Gasoline,midsize car,7.0,27,36,30,7,Yes
SUBARU Impreza Sport,2.0,4,SCV-7,4WD,Gasoline,station wagon,7.0,27,35,30,7,Yes
SUBARU Legacy,2.5,4,SCV-7,4WD,Gasoline,midsize car,7.0,25,34,29,6,No
SUBARU Legacy,3.6,6,SCV-6,4WD,Gasoline,midsize car,3.0,20,28,23,5,No
SUBARU Outback,2.5,4,SCV-7,4WD,Gasoline,small SUV,7.0,25,32,28,6,No
SUBARU Outback,3.6,6,SCV-6,4WD,Gasoline,small SUV,3.0,20,27,22,4,No
SUBARU WRX,2.0,4,Man-6,4WD,Gasoline,small car,1.0,21,27,23,5,No
SUBARU WRX,2.0,4,SCV-8,4WD,Gasoline,small car,1.0,18,24,21,4,No
SUBARU WRX,2.5,4,Man-6,4WD,Gasoline,small car,1.0,17,22,19,3,No
TOYOTA 4Runner,4.0,6,SemiAuto-5,2WD,Gasoline,standard SUV,3.0,17,21,18,3,No
TOYOTA 4Runner,4.0,6,SemiAuto-5,4WD,Gasoline,standard SUV,3.0,17,20,18,3,No
TOYOTA Avalon,3.5,6,SemiAuto-6,2WD,Gasoline,midsize car,3.0,21,30,24,5,No
TOYOTA Avalon Hybrid,2.5,4,SCV-6,2WD,Gasoline,midsize car,7.0,40,39,40,9,Yes
TOYOTA C-HR,2.0,4,SCV-7,2WD,Gasoline,small car,3.0,27,31,29,6,No
TOYOTA Camry,2.5,4,SemiAuto-8,2WD,Gasoline,midsize car,7.0,29,41,34,8,Yes
TOYOTA Camry,3.5,6,SemiAuto-8,2WD,Gasoline,midsize car,5.0,22,33,26,5,No
TOYOTA Camry Hybrid LE,2.5,4,SCV-6,2WD,Gasoline,midsize car,7.0,51,53,52,10,Elite
TOYOTA Camry Hybrid XLE/SE,2.5,4,SCV-6,2WD,Gasoline,midsize car,7.0,44,47,46,10,Elite
TOYOTA Camry LE/SE,2.5,4,SemiAuto-8,2WD,Gasoline,midsize car,7.0,28,39,32,7,Yes
TOYOTA Camry XLE/XSE,2.5,4,SemiAuto-8,2WD,Gasoline,midsize car,7.0,28,39,32,7,Yes
TOYOTA Camry XSE,3.5,6,SemiAuto-8,2WD,Gasoline,midsize car,5.0,22,32,26,5,No
TOYOTA Corolla,1.8,4,CVT,2WD,Gasoline,midsize car,3.0,28,36,32,7,Yes
TOYOTA Corolla,1.8,4,Man-6,2WD,Gasoline,midsize car,3.0,27,35,30,7,Yes
TOYOTA Corolla,1.8,4,SCV-7,2WD,Gasoline,midsize car,3.0,28,35,31,7,Yes
TOYOTA Corolla LE Eco,1.8,4,CVT,2WD,Gasoline,midsize car,5.0,29,38,33,8,Yes
TOYOTA Corolla LE Eco,1.8,4,CVT,2WD,Gasoline,midsize car,5.0,30,40,34,8,Yes
TOYOTA Corolla iM,1.8,4,Man-6,2WD,Gasoline,midsize car,5.0,27,35,30,7,Yes
TOYOTA Corolla iM,1.8,4,SCV-7,2WD,Gasoline,midsize car,5.0,28,36,31,7,Yes
TOYOTA Land Cruiser,5.7,8,SemiAuto-8,4WD,Gasoline,standard SUV,3.0,13,18,15,2,No
TOYOTA Prius c,1.5,4,CVT,2WD,Gasoline,small car,7.0,48,43,46,10,Elite
TOYOTA RAV4,2.5,4,SemiAuto-6,2WD,Gasoline,small SUV,3.0,23,29,25,5,No
TOYOTA RAV4,2.5,4,SemiAuto-6,4WD,Gasoline,small SUV,3.0,22,28,25,5,No
TOYOTA RAV4 Hybrid,2.5,4,SCV-6,4WD,Gasoline,small SUV,7.0,34,30,32,7,Yes
TOYOTA RAV4 LE/XLE,2.5,4,SemiAuto-6,2WD,Gasoline,small SUV,3.0,23,30,26,5,No
TOYOTA RAV4 Limited,2.5,4,SemiAuto-6,4WD,Gasoline,small SUV,3.0,22,28,24,5,No
TOYOTA Sequoia,5.7,8,SemiAuto-6,2WD,Gasoline,standard SUV,5.0,13,17,15,2,No
TOYOTA Sequoia,5.7,8,SemiAuto-6,4WD,Gasoline,standard SUV,5.0,13,17,14,1,No
TOYOTA Tundra,4.6,8,SemiAuto-6,2WD,Gasoline,pickup,3.0,15,19,16,2,No
TOYOTA Tundra,4.6,8,SemiAuto-6,4WD,Gasoline,pickup,3.0,14,18,16,2,No
TOYOTA Tundra,5.7,8,SemiAuto-6,2WD,Gasoline,pickup,5.0,13,18,15,2,No
TOYOTA Tundra,5.7,8,SemiAuto-6,4WD,Gasoline,pickup,5.0,13,17,14,1,No
TOYOTA Yaris,1.5,4,Auto-4,2WD,Gasoline,small car,3.0,30,35,32,7,Yes
TOYOTA Yaris,1.5,4,Man-5,2WD,Gasoline,small car,3.0,30,36,33,8,Yes
VOLKSWAGEN Beetle,2.0,4,SemiAuto-6,2WD,Gasoline,small car,7.0,26,33,29,6,No
VOLKSWAGEN Beetle Convertible,2.0,4,SemiAuto-6,2WD,Gasoline,small car,7.0,26,33,29,6,No
VOLKSWAGEN Beetle Dune,2.0,4,SemiAuto-6,2WD,Gasoline,small car,7.0,26,34,29,6,No
VOLKSWAGEN Beetle Dune Convertible,2.0,4,SemiAuto-6,2WD,Gasoline,small car,7.0,26,34,29,6,No
VOLKSWAGEN Golf R,2.0,4,AMS-7,4WD,Gasoline,small car,3.0,22,29,25,5,No
VOLKSWAGEN Golf R,2.0,4,Man-6,4WD,Gasoline,small car,3.0,21,29,24,5,No
VOLKSWAGEN Jetta,1.4,4,Man-5,2WD,Gasoline,small car,3.0,28,40,33,8,Yes
VOLKSWAGEN Jetta,1.4,4,SemiAuto-6,2WD,Gasoline,small car,5.0,28,38,32,7,Yes
VOLKSWAGEN Jetta,1.8,4,SemiAuto-6,2WD,Gasoline,small car,7.0,24,33,28,6,No
VOLKSWAGEN Jetta,2.0,4,AMS-6,2WD,Gasoline,small car,7.0,24,33,27,6,No
VOLKSWAGEN Passat,2.0,4,SemiAuto-6,2WD,Gasoline,midsize car,7.0,25,36,29,6,No
VOLKSWAGEN Tiguan,2.0,4,SemiAuto-8,2WD,Gasoline,small SUV,7.0,22,27,24,5,No
VOLKSWAGEN Tiguan 4Motion,2.0,4,SemiAuto-8,4WD,Gasoline,small SUV,7.0,21,27,23,5,No
VOLVO Atlas,3.6,6,SemiAuto-8,2WD,Gasoline,small SUV,5.0,18,25,20,4,No
VOLVO Atlas 4Motion,3.6,6,SemiAuto-8,4WD,Gasoline,small SUV,5.0,17,23,19,3,No
VOLVO S60,2.0,4,SemiAuto-8,2WD,Gasoline,small car,7.0,25,36,29,6,No
VOLVO S60,2.0,4,SemiAuto-8,4WD,Gasoline,small car,3.0,22,32,26,5,No
VOLVO S60,2.0,4,SemiAuto-8,4WD,Gasoline,small car,3.0,22,33,26,5,No
VOLVO S60 CC,2.0,4,SemiAuto-8,4WD,Gasoline,small car,3.0,22,30,25,5,No
VOLVO S60 Inscription,2.0,4,SemiAuto-8,2WD,Gasoline,small car,3.0,25,36,29,6,No
VOLVO S60 Inscription,2.0,4,SemiAuto-8,4WD,Gasoline,small car,3.0,22,33,26,5,No
VOLVO S60 Polestar,2.0,4,SemiAuto-8,4WD,Gasoline,small car,1.0,20,27,22,4,No
VOLVO S90,2.0,4,SemiAuto-8,2WD,Gasoline,midsize car,3.0,24,34,27,6,No
VOLVO S90,2.0,4,SemiAuto-8,4WD,Gasoline,midsize car,3.0,22,31,25,5,No
VOLVO S90,2.0,4,SemiAuto-8,4WD,Gasoline,midsize car,3.0,23,32,26,5,No
VOLVO S90,2.0,4,SemiAuto-8,4WD,Gasoline,midsize car,5.0,23,32,26,5,No
VOLVO S90,2.0,4,SemiAuto-8,4WD,Gasoline,midsize car,5.0,22,31,25,5,No
VOLVO V60,2.0,4,SemiAuto-8,2WD,Gasoline,station wagon,3.0,25,36,29,6,No
VOLVO V60,2.0,4,SemiAuto-8,4WD,Gasoline,station wagon,3.0,22,32,26,5,No
VOLVO V60,2.0,4,SemiAuto-8,4WD,Gasoline,station wagon,3.0,22,33,26,5,No
VOLVO V60 CC,2.0,4,SemiAuto-8,4WD,Gasoline,station wagon,3.0,22,30,25,5,No
VOLVO V60 Polestar,2.0,4,SemiAuto-8,4WD,Gasoline,station wagon,1.0,20,27,22,4,No
VOLVO V90,2.0,4,SemiAuto-8,2WD,Gasoline,station wagon,5.0,24,34,27,6,No
VOLVO V90,2.0,4,SemiAuto-8,4WD,Gasoline,station wagon,5.0,22,31,25,5,No
VOLVO V90 CC,2.0,4,SemiAuto-8,4WD,Gasoline,station wagon,5.0,23,31,26,5,No
VOLVO V90 CC,2.0,4,SemiAuto-8,4WD,Gasoline,station wagon,5.0,22,29,25,5,No
VOLVO XC 60,2.0,4,SemiAuto-8,4WD,Gasoline,small SUV,5.0,22,28,24,5,No
VOLVO XC 60,2.0,4,SemiAuto-8,4WD,Gasoline,small SUV,5.0,21,27,23,5,No
VOLVO XC 90,2.0,4,SemiAuto-8,2WD,Gasoline,standard SUV,5.0,22,29,25,5,No
VOLVO XC 90,2.0,4,SemiAuto-8,4WD,Gasoline,standard SUV,5.0,22,28,24,5,No
VOLVO XC 90,2.0,4,SemiAuto-8,4WD,Gasoline,standard SUV,5.0,20,27,23,5,No
BMW 330e,2.0,4,SemiAuto-8,2WD,Gasoline,small car,3.0,28,34,30,10,Yes
BMW 530e,2.0,4,SemiAuto-8,2WD,Gasoline,small car,7.0,27,31,29,10,Elite
BMW 530e,2.0,4,SemiAuto-8,4WD,Gasoline,small car,7.0,27,31,28,10,Elite
BMW 740e,2.0,4,SemiAuto-8,4WD,Gasoline,large car,3.0,25,29,27,9,Yes
CHEVROLET Impala,3.6,6,SemiAuto-6,2WD,Ethanol,large car,5.0,14,20,16,4,No
CHEVROLET Silverado 15,4.3,6,Auto-6,2WD,Ethanol,pickup,5.0,12,16,14,4,No
CHEVROLET Silverado 15,4.3,6,Auto-6,4WD,Ethanol,pickup,5.0,12,15,13,3,No
CHEVROLET Silverado 15,5.3,8,Auto-6,2WD,Ethanol,pickup,3.0,12,17,14,3,No
CHEVROLET Suburban 1500,5.3,8,Auto-6,2WD,Ethanol,standard SUV,3.0,12,17,14,3,No
CHEVROLET Suburban 1500,5.3,8,Auto-6,4WD,Ethanol,standard SUV,3.0,11,15,12,3,No
CHEVROLET Tahoe 1500,5.3,8,Auto-6,2WD,Ethanol,standard SUV,3.0,12,17,14,3,No
CHEVROLET Tahoe 1500,5.3,8,Auto-6,4WD,Ethanol,standard SUV,3.0,11,16,13,3,No
CHEVROLET Volt,1.5,4,CVT,2WD,Gasoline,small car,3.0,43,42,42,10,Yes
CHEVROLET Volt,1.5,4,CVT,2WD,Gasoline,small car,7.0,43,42,42,10,Elite
CHRYSLER 300,3.6,6,Auto-8,2WD,Ethanol,large car,3.0,14,22,17,5,No
CHRYSLER 300,3.6,6,Auto-8,4WD,Ethanol,large car,3.0,13,20,16,4,No
DODGE Charger,3.6,6,Auto-8,2WD,Ethanol,large car,3.0,14,22,17,5,No
DODGE Charger,3.6,6,Auto-8,4WD,Ethanol,large car,3.0,13,20,16,4,No
FORD Fusion Energi Plug-in Hybrid,2.0,4,CVT,2WD,Gasoline,midsize car,7.0,43,41,42,10,Elite
GMC Sierra 15,4.3,6,Auto-6,2WD,Ethanol,pickup,5.0,12,16,14,4,No
GMC Sierra 15,4.3,6,Auto-6,4WD,Ethanol,pickup,5.0,12,15,13,3,No
GMC Sierra 15,5.3,8,Auto-6,2WD,Ethanol,pickup,3.0,12,17,14,3,No
GMC Yukon 1500,5.3,8,Auto-6,2WD,Ethanol,standard SUV,3.0,12,17,14,3,No
GMC Yukon 1500,5.3,8,Auto-6,4WD,Ethanol,standard SUV,3.0,11,16,13,3,No
GMC Yukon 1500 XL,5.3,8,Auto-6,2WD,Ethanol,standard SUV,3.0,12,17,14,3,No
GMC Yukon XL 1500,5.3,8,Auto-6,4WD,Ethanol,standard SUV,3.0,11,15,12,3,No
JEEP Cherokee,2.4,4,Auto-9,2WD,Ethanol,small SUV,3.0,15,22,18,5,No
JEEP Cherokee,2.4,4,Auto-9,4WD,Ethanol,small SUV,3.0,14,21,17,5,No
KARMA Revero,2.0,4,Auto-1,2WD,Gasoline,small car,1.0,20,21,20,10,No
MERCEDES-BENZ CLA250 4Matic,2.0,4,AutoMan-7,4WD,Ethanol,small car,5.0,17,24,20,6,No
MERCEDES-BENZ GLA250 4Matic,2.0,4,AutoMan-7,4WD,Ethanol,small SUV,5.0,17,23,19,5,No
MERCEDES-BENZ GLE350 4Matic,3.5,6,Auto-7,4WD,Ethanol,standard SUV,3.0,13,17,14,3,No
MINI Cooper SE Countryman All4,1.5,3,SemiAuto-6,4WD,Gasoline,midsize car,3.0,28,27,27,9,Yes
TOYOTA Sequoia FFV,5.7,8,SemiAuto-6,4WD,Ethanol,standard SUV,5.0,9,13,10,1,No
TOYOTA Tundra FFV,5.7,8,SemiAuto-6,4WD,Ethanol,pickup,5.0,9,12,10,2,No
VOLVO S90,2.0,4,SemiAuto-8,4WD,Gasoline,midsize car,7.0,26,33,29,10,Elite
VOLVO XC 60,2.0,4,SemiAuto-8,4WD,Gasoline,small SUV,7.0,26,28,26,10,Elite
VOLVO XC 90,2.0,4,SemiAuto-8,4WD,Gasoline,standard SUV,7.0,26,30,27,10,Elite
BMW 330e,2.0,4,SemiAuto-8,2WD,Electricity,small car,3.0,66,78,71,10,Yes
BMW 530e,2.0,4,SemiAuto-8,2WD,Electricity,small car,7.0,70,75,72,10,Elite
BMW 530e,2.0,4,SemiAuto-8,4WD,Electricity,small car,7.0,66,68,67,10,Elite
BMW 740e,2.0,4,SemiAuto-8,4WD,Electricity,large car,3.0,62,68,64,9,Yes
CHEVROLET Impala,3.6,6,SemiAuto-6,2WD,Gas,large car,5.0,18,28,22,4,No
CHEVROLET Silverado 15,4.3,6,Auto-6,2WD,Gas,pickup,5.0,18,24,20,4,No
CHEVROLET Silverado 15,4.3,6,Auto-6,4WD,Gas,pickup,5.0,17,22,19,3,No
CHEVROLET Silverado 15,5.3,8,Auto-6,2WD,Gas,pickup,3.0,16,23,19,3,No
CHEVROLET Suburban 1500,5.3,8,Auto-6,2WD,Gas,standard SUV,3.0,16,23,19,3,No
CHEVROLET Suburban 1500,5.3,8,Auto-6,4WD,Gas,standard SUV,3.0,16,22,18,3,No
CHEVROLET Tahoe 1500,5.3,8,Auto-6,2WD,Gas,standard SUV,3.0,16,23,19,3,No
CHEVROLET Tahoe 1500,5.3,8,Auto-6,4WD,Gas,standard SUV,3.0,16,22,18,3,No
CHEVROLET Volt,1.5,4,CVT,2WD,Electricity,small car,3.0,113,99,106,10,Yes
CHEVROLET Volt,1.5,4,CVT,2WD,Electricity,small car,7.0,113,99,106,10,Elite
CHRYSLER 300,3.6,6,Auto-8,2WD,Gas,large car,3.0,19,30,23,5,No
CHRYSLER 300,3.6,6,Auto-8,4WD,Gas,large car,3.0,18,27,21,4,No
DODGE Charger,3.6,6,Auto-8,2WD,Gas,large car,3.0,19,30,23,5,No
DODGE Charger,3.6,6,Auto-8,4WD,Gas,large car,3.0,18,27,21,4,No
FORD Fusion Energi Plug-in Hybrid,2.0,4,CVT,2WD,Electricity,midsize car,7.0,102,91,97,10,Elite
GMC Sierra 15,4.3,6,Auto-6,2WD,Gas,pickup,5.0,18,24,20,4,No
GMC Sierra 15,4.3,6,Auto-6,4WD,Gas,pickup,5.0,17,22,19,3,No
GMC Sierra 15,5.3,8,Auto-6,2WD,Gas,pickup,3.0,16,23,19,3,No
GMC Yukon 1500,5.3,8,Auto-6,2WD,Gas,standard SUV,3.0,16,23,19,3,No
GMC Yukon 1500,5.3,8,Auto-6,4WD,Gas,standard SUV,3.0,16,22,18,3,No
GMC Yukon 1500 XL,5.3,8,Auto-6,2WD,Gas,standard SUV,3.0,16,23,19,3,No
GMC Yukon XL 1500,5.3,8,Auto-6,4WD,Gas,standard SUV,3.0,16,22,18,3,No
JEEP Cherokee,2.4,4,Auto-9,2WD,Gas,small SUV,3.0,21,30,25,5,No
JEEP Cherokee,2.4,4,Auto-9,4WD,Gas,small SUV,3.0,21,28,23,5,No
KARMA Revero,2.0,4,Auto-1,2WD,Electricity,small car,1.0,59,61,60,10,No
MERCEDES-BENZ CLA250 4Matic,2.0,4,AutoMan-7,4WD,Gas,small car,5.0,24,32,27,6,No
MERCEDES-BENZ GLA250 4Matic,2.0,4,AutoMan-7,4WD,Gas,small SUV,5.0,23,31,26,5,No
MERCEDES-BENZ GLE350 4Matic,3.5,6,Auto-7,4WD,Gas,standard SUV,3.0,18,22,19,3,No
MINI Cooper SE Countryman All4,1.5,3,SemiAuto-6,4WD,Electricity,midsize car,3.0,63,66,65,9,Yes
TOYOTA Sequoia FFV,5.7,8,SemiAuto-6,4WD,Gas,standard SUV,5.0,13,17,14,1,No
TOYOTA Tundra FFV,5.7,8,SemiAuto-6,4WD,Gas,pickup,5.0,13,17,15,2,No
VOLVO S90,2.0,4,SemiAuto-8,4WD,Electricity,midsize car,7.0,70,72,71,10,Elite
VOLVO XC 60,2.0,4,SemiAuto-8,4WD,Electricity,small SUV,7.0,60,58,59,10,Elite
VOLVO XC 90,2.0,4,SemiAuto-8,4WD,Electricity,standard SUV,7.0,63,61,62,10,Elite
